index,dataset,folder,scenario_idx,track_id,ego_id,timerange,comfortable_threshold,uncomfortable_threshold,linear_decay_slope,n_timesteps,a_l
1,waymo_train,waymo_0-299,32111,1272;ego,ego,"range(0, 33)",0.4,1.8,0.5,33,1.0
2,waymo_train,waymo_0-299,3671,794;ego,ego,"range(18, 58)",0.4,1.8,0.5,40,0.9972734141720295
3,waymo_train,waymo_0-299,46973,203;ego,ego,"range(8, 56)",0.4,1.8,0.5,48,0.9977548155013759
4,waymo_train,waymo_0-299,51490,2018;ego,ego,"range(25, 77)",0.4,1.8,0.5,52,1.0
5,waymo_train,waymo_0-299,5567,2184;ego,ego,"range(15, 81)",0.4,1.8,0.5,66,0.9987422464306239
6,waymo_train,waymo_0-299,79408,1998;ego,ego,"range(16, 55)",0.4,1.8,0.5,39,0.999372885475164
7,waymo_train,waymo_0-299,95569,2248;ego,ego,"range(27, 79)",0.4,1.8,0.5,52,0.976434492070783
8,waymo_train,waymo_0-299,102587,924;ego,ego,"range(13, 74)",0.4,1.8,0.5,61,0.9998996286548948
9,waymo_train,waymo_0-299,123876,2865;ego,ego,"range(28, 67)",0.4,1.8,0.5,39,0.9365873283177094
10,waymo_train,waymo_0-299,134006,2657;ego,ego,"range(26, 90)",0.4,1.8,0.5,64,1.0
11,waymo_train,waymo_0-299,14720,899;ego,ego,"range(6, 63)",0.4,1.8,0.5,57,0.9715649574060888
12,waymo_train,waymo_0-299,15227,1844;ego,ego,"range(9, 75)",0.4,1.8,0.5,66,0.9569269414891945
13,waymo_train,waymo_0-299,16714,526;ego,ego,"range(4, 71)",0.4,1.8,0.5,67,1.0
14,waymo_train,waymo_0-299,19079,165;ego,ego,"range(22, 70)",0.4,1.8,0.5,48,1.0
15,waymo_train,waymo_0-299,20296,950;ego,ego,"range(0, 29)",0.4,1.8,0.5,29,1.0
16,waymo_train,waymo_0-299,20708,5;ego,ego,"range(0, 53)",0.4,1.8,0.5,53,0.9888947798778194
17,waymo_train,waymo_0-299,20895,1936;ego,ego,"range(2, 55)",0.4,1.8,0.5,53,0.9993216484824835
18,waymo_train,waymo_0-299,24389,1952;ego,ego,"range(16, 62)",0.4,1.8,0.5,46,1.0
19,waymo_train,waymo_0-299,25708,1887;ego,ego,"range(23, 75)",0.4,1.8,0.5,52,0.999847336790967
20,waymo_train,waymo_0-299,27447,68;ego,ego,"range(0, 30)",0.4,1.8,0.5,30,0.9934760357375232
21,waymo_train,waymo_0-299,27765,2421;ego,ego,"range(13, 59)",0.4,1.8,0.5,46,1.0
22,waymo_train,waymo_0-299,29833,798;ego,ego,"range(0, 52)",0.4,1.8,0.5,52,1.0
23,waymo_train,waymo_0-299,30020,1117;ego,ego,"range(19, 64)",0.4,1.8,0.5,45,0.996301505164764
24,waymo_train,waymo_0-299,90380,861;ego,ego,"range(0, 36)",0.4,1.8,0.5,36,1.0
25,waymo_train,waymo_0-299,91392,1093;ego,ego,"range(21, 65)",0.4,1.8,0.5,44,1.0
26,waymo_train,waymo_0-299,91425,1483;ego,ego,"range(0, 46)",0.4,1.8,0.5,46,1.0
27,waymo_train,waymo_0-299,91832,4313;ego,ego,"range(3, 43)",0.4,1.8,0.5,40,0.9983989270474656
28,waymo_train,waymo_0-299,91933,518;ego,ego,"range(36, 81)",0.4,1.8,0.5,45,0.9977918263471265
29,waymo_train,waymo_0-299,31651,1806;ego,ego,"range(2, 59)",0.4,1.8,0.5,57,1.0
30,waymo_train,waymo_0-299,93102,701;ego,ego,"range(0, 45)",0.4,1.8,0.5,45,0.9854595698855306
31,waymo_train,waymo_0-299,94336,957;ego,ego,"range(0, 38)",0.4,1.8,0.5,38,0.9448566300153819
32,waymo_train,waymo_0-299,35451,389;391;ego,ego,"range(25, 65)",0.4,1.8,0.5,40,0.7945931339803053
33,waymo_train,waymo_0-299,96603,1803;ego,ego,"range(0, 39)",0.4,1.8,0.5,39,0.8999454065916844
34,waymo_train,waymo_0-299,97207,2371;ego,ego,"range(24, 86)",0.4,1.8,0.5,62,0.9837166096210052
35,waymo_train,waymo_0-299,37022,20;ego,ego,"range(16, 78)",0.4,1.8,0.5,62,0.9954475301106022
36,waymo_train,waymo_0-299,99483,1094;ego,ego,"range(29, 76)",0.4,1.8,0.5,47,0.997606597472931
37,waymo_train,waymo_0-299,39058,182;ego,ego,"range(4, 54)",0.4,1.8,0.5,50,1.0
38,waymo_train,waymo_0-299,100679,727;ego,ego,"range(14, 84)",0.4,1.8,0.5,70,0.9911231940939682
39,waymo_train,waymo_0-299,100967,728;741;ego,ego,"range(11, 58)",0.4,1.8,0.5,47,0.9299918836631638
40,waymo_train,waymo_0-299,100967,728;ego,ego,"range(4, 63)",0.4,1.8,0.5,59,0.9407357059576044
41,waymo_train,waymo_0-299,40040,3006;ego,ego,"range(21, 83)",0.4,1.8,0.5,62,0.9451283702398748
42,waymo_train,waymo_0-299,102468,1818;ego,ego,"range(0, 38)",0.4,1.8,0.5,38,0.9649676246546759
43,waymo_train,waymo_0-299,41580,2428;ego,ego,"range(0, 43)",0.4,1.8,0.5,43,0.9637034418801972
44,waymo_train,waymo_0-299,105812,566;ego,ego,"range(0, 56)",0.4,1.8,0.5,56,0.9940100093884888
45,waymo_train,waymo_0-299,45858,2509;2512;ego,ego,"range(17, 60)",0.4,1.8,0.5,43,0.9995518920444866
46,waymo_train,waymo_0-299,10815,1556;ego,ego,"range(0, 50)",0.4,1.8,0.5,50,1.0
47,waymo_train,waymo_0-299,108745,118;ego,ego,"range(5, 56)",0.4,1.8,0.5,51,1.0
48,waymo_train,waymo_0-299,109961,344;ego,ego,"range(11, 54)",0.4,1.8,0.5,43,0.999808015995091
49,waymo_train,waymo_0-299,49119,324;ego,ego,"range(0, 31)",0.4,1.8,0.5,31,1.0
50,waymo_train,waymo_0-299,112924,97;ego,ego,"range(0, 31)",0.4,1.8,0.5,31,1.0
51,waymo_train,waymo_0-299,114054,1150;ego,ego,"range(8, 60)",0.4,1.8,0.5,52,1.0
52,waymo_train,waymo_0-299,52182,1332;ego,ego,"range(21, 64)",0.4,1.8,0.5,43,0.9976266991002221
53,waymo_train,waymo_0-299,115062,2930;2933;ego,ego,"range(23, 73)",0.4,1.8,0.5,50,1.0
54,waymo_train,waymo_0-299,52926,1;ego,ego,"range(3, 72)",0.4,1.8,0.5,69,1.0
55,waymo_train,waymo_0-299,115640,545;ego,ego,"range(0, 32)",0.4,1.8,0.5,32,0.9981828628157539
56,waymo_train,waymo_0-299,116105,2352;ego,ego,"range(23, 82)",0.4,1.8,0.5,59,1.0
57,waymo_train,waymo_0-299,53713,1870;ego,ego,"range(5, 45)",0.4,1.8,0.5,40,0.41147409699744875
58,waymo_train,waymo_0-299,116679,760;ego,ego,"range(12, 65)",0.4,1.8,0.5,53,1.0
59,waymo_train,waymo_0-299,118224,294;295;ego,ego,"range(25, 66)",0.4,1.8,0.5,41,0.6787243595244818
60,waymo_train,waymo_0-299,118961,1860;ego,ego,"range(16, 71)",0.4,1.8,0.5,55,1.0
61,waymo_train,waymo_0-299,119354,1624;1669;ego,ego,"range(21, 73)",0.4,1.8,0.5,52,0.9997473413045063
62,waymo_train,waymo_0-299,57654,996;ego,ego,"range(27, 67)",0.4,1.8,0.5,40,1.0
63,waymo_train,waymo_0-299,58006,627;ego,ego,"range(27, 76)",0.4,1.8,0.5,49,1.0
64,waymo_train,waymo_0-299,123816,1865;ego,ego,"range(19, 67)",0.4,1.8,0.5,48,1.0
65,waymo_train,waymo_0-299,60754,364;ego,ego,"range(0, 40)",0.4,1.8,0.5,40,0.9386785044304947
66,waymo_train,waymo_0-299,124480,822;ego,ego,"range(4, 43)",0.4,1.8,0.5,39,1.0
67,waymo_train,waymo_0-299,126269,73;ego,ego,"range(6, 58)",0.4,1.8,0.5,52,0.5278009150514956
68,waymo_train,waymo_0-299,62972,514;ego,ego,"range(0, 48)",0.4,1.8,0.5,48,0.9929950107426938
69,waymo_train,waymo_0-299,63545,1558;ego,ego,"range(28, 90)",0.4,1.8,0.5,62,0.9981804805013953
70,waymo_train,waymo_0-299,128041,1991;ego,ego,"range(0, 54)",0.4,1.8,0.5,54,1.0
71,waymo_train,waymo_0-299,128046,510;ego,ego,"range(24, 63)",0.4,1.8,0.5,39,0.806363922598924
72,waymo_train,waymo_0-299,128061,1511;ego,ego,"range(11, 57)",0.4,1.8,0.5,46,1.0
73,waymo_train,waymo_0-299,128172,0;2;ego,ego,"range(0, 34)",0.4,1.8,0.5,34,0.9999235930612052
74,waymo_train,waymo_0-299,128987,851;ego,ego,"range(25, 81)",0.4,1.8,0.5,56,1.0
75,waymo_train,waymo_0-299,129657,1167;ego,ego,"range(31, 71)",0.4,1.8,0.5,40,0.5667083343871397
76,waymo_train,waymo_0-299,130102,0;ego,ego,"range(0, 30)",0.4,1.8,0.5,30,1.0
77,waymo_train,waymo_0-299,130664,944;ego,ego,"range(3, 70)",0.4,1.8,0.5,67,1.0
78,waymo_train,waymo_0-299,132604,147;ego,ego,"range(21, 65)",0.4,1.8,0.5,44,0.5587752761995688
79,waymo_train,waymo_0-299,69563,1619;ego,ego,"range(0, 41)",0.4,1.8,0.5,41,0.9131488109442479
80,waymo_train,waymo_0-299,134586,19;ego,ego,"range(28, 90)",0.4,1.8,0.5,62,1.0
81,waymo_train,waymo_0-299,70862,1201;ego,ego,"range(3, 43)",0.4,1.8,0.5,40,0.5935696445371237
82,waymo_train,waymo_0-299,136334,874;ego,ego,"range(20, 80)",0.4,1.8,0.5,60,1.0
83,waymo_train,waymo_0-299,136545,22;ego,ego,"range(0, 54)",0.4,1.8,0.5,54,0.999257618125299
84,waymo_train,waymo_0-299,137674,121;ego,ego,"range(0, 43)",0.4,1.8,0.5,43,1.0
85,waymo_train,waymo_0-299,138672,448;ego,ego,"range(0, 52)",0.4,1.8,0.5,52,0.9550839254699564
86,waymo_train,waymo_0-299,75730,1522;ego,ego,"range(13, 64)",0.4,1.8,0.5,51,0.997227474957489
87,waymo_train,waymo_0-299,7635,630;ego,ego,"range(26, 75)",0.4,1.8,0.5,49,0.9497477611525478
88,waymo_train,waymo_0-299,141163,1055;ego,ego,"range(0, 51)",0.4,1.8,0.5,51,1.0
89,waymo_train,waymo_0-299,141367,1629;ego,ego,"range(4, 44)",0.4,1.8,0.5,40,0.96670989400928
90,waymo_train,waymo_0-299,77340,3023;ego,ego,"range(20, 78)",0.4,1.8,0.5,58,1.0
91,waymo_train,waymo_0-299,142692,10;ego,ego,"range(28, 76)",0.4,1.8,0.5,48,0.9996486759660415
92,waymo_train,waymo_0-299,142643,834;ego,ego,"range(0, 32)",0.4,1.8,0.5,32,0.9960471064063152
93,waymo_train,waymo_0-299,78420,1445;1449;ego,ego,"range(25, 78)",0.4,1.8,0.5,53,1.0
94,waymo_train,waymo_0-299,144899,2082;ego,ego,"range(0, 35)",0.4,1.8,0.5,35,1.0
95,waymo_train,waymo_0-299,80298,1173;ego,ego,"range(29, 85)",0.4,1.8,0.5,56,1.0
96,waymo_train,waymo_0-299,82104,2678;2685;ego,ego,"range(27, 69)",0.4,1.8,0.5,42,0.9996592939003636
97,waymo_train,waymo_0-299,82350,811;ego,ego,"range(0, 48)",0.4,1.8,0.5,48,0.9935278053201962
98,waymo_train,waymo_0-299,8355,2653;ego,ego,"range(0, 51)",0.4,1.8,0.5,51,1.0
99,waymo_train,waymo_0-299,8356,1911;1912;ego,ego,"range(25, 76)",0.4,1.8,0.5,51,0.7189031257277338
100,waymo_train,waymo_0-299,83990,1936;ego,ego,"range(24, 74)",0.4,1.8,0.5,50,1.0
101,waymo_train,waymo_0-299,84631,1071;ego,ego,"range(30, 73)",0.4,1.8,0.5,43,0.8051467056949919
102,waymo_train,waymo_0-299,85224,44;ego,ego,"range(0, 32)",0.4,1.8,0.5,32,0.9177158388711775
103,waymo_train,waymo_0-299,88794,7;ego,ego,"range(8, 52)",0.4,1.8,0.5,44,1.0
104,waymo_train,waymo_300-499,7312,924;ego,ego,"range(0, 34)",0.4,1.8,0.5,34,0.9998199219984878
105,waymo_train,waymo_300-499,1013,3457;ego,ego,"range(25, 73)",0.4,1.8,0.5,48,1.0
106,waymo_train,waymo_300-499,3052,572;ego,ego,"range(13, 75)",0.4,1.8,0.5,62,1.0
107,waymo_train,waymo_300-499,3545,95;ego,ego,"range(40, 79)",0.4,1.8,0.5,39,1.0
108,waymo_train,waymo_300-499,1698,3222;ego,ego,"range(18, 83)",0.4,1.8,0.5,65,1.0
109,waymo_train,waymo_300-499,4263,2;ego,ego,"range(15, 66)",0.4,1.8,0.5,51,0.9936839524655039
110,waymo_train,waymo_300-499,6567,862;ego,ego,"range(0, 29)",0.4,1.8,0.5,29,0.9698330913162682
111,waymo_train,waymo_300-499,7147,13;ego,ego,"range(12, 56)",0.4,1.8,0.5,44,1.0
112,waymo_train,waymo_300-499,8791,458;ego,ego,"range(0, 43)",0.4,1.8,0.5,43,0.9957394927754878
113,waymo_train,waymo_300-499,10837,403;ego,ego,"range(0, 54)",0.4,1.8,0.5,54,1.0
114,waymo_train,waymo_300-499,11043,2566;ego,ego,"range(4, 55)",0.4,1.8,0.5,51,0.9658525747807135
115,waymo_train,waymo_300-499,12568,630;ego,ego,"range(16, 65)",0.4,1.8,0.5,49,0.9497477611525478
116,waymo_train,waymo_300-499,13381,3104;ego,ego,"range(30, 86)",0.4,1.8,0.5,56,0.9997863282207694
117,waymo_train,waymo_300-499,14368,99;ego,ego,"range(16, 55)",0.4,1.8,0.5,39,1.0
118,waymo_train,waymo_300-499,15819,1233;ego,ego,"range(0, 38)",0.4,1.8,0.5,38,0.9996844911429623
119,waymo_train,waymo_300-499,17699,1355;ego,ego,"range(27, 80)",0.4,1.8,0.5,53,0.9962560692361345
120,waymo_train,waymo_300-499,18460,1667;ego,ego,"range(5, 45)",0.4,1.8,0.5,40,1.0
121,waymo_train,waymo_300-499,24084,1929;1937;ego,ego,"range(33, 82)",0.4,1.8,0.5,49,0.908495299188833
122,waymo_train,waymo_300-499,28017,1582;ego,ego,"range(0, 42)",0.4,1.8,0.5,42,1.0
123,waymo_train,waymo_300-499,29531,38;ego,ego,"range(27, 76)",0.4,1.8,0.5,49,1.0
124,waymo_train,waymo_300-499,30263,449;ego,ego,"range(0, 34)",0.4,1.8,0.5,34,1.0
125,waymo_train,waymo_300-499,31872,2421;ego,ego,"range(21, 70)",0.4,1.8,0.5,49,1.0
126,waymo_train,waymo_300-499,33029,2509;ego,ego,"range(0, 31)",0.4,1.8,0.5,31,0.9993784309004169
127,waymo_train,waymo_300-499,33167,440;ego,ego,"range(0, 39)",0.4,1.8,0.5,39,1.0
128,waymo_train,waymo_300-499,33208,22;ego,ego,"range(0, 34)",0.4,1.8,0.5,34,1.0
129,waymo_train,waymo_300-499,33632,493;ego,ego,"range(20, 75)",0.4,1.8,0.5,55,1.0
130,waymo_train,waymo_300-499,33825,2034;ego,ego,"range(7, 52)",0.4,1.8,0.5,45,1.0
131,waymo_train,waymo_300-499,36430,55;ego,ego,"range(0, 33)",0.4,1.8,0.5,33,1.0
132,waymo_train,waymo_300-499,36726,1673;ego,ego,"range(15, 81)",0.4,1.8,0.5,66,1.0
133,waymo_train,waymo_300-499,37568,819;ego,ego,"range(28, 76)",0.4,1.8,0.5,48,1.0
134,waymo_train,waymo_300-499,39123,2072;ego,ego,"range(0, 36)",0.4,1.8,0.5,36,0.9964464992951823
135,waymo_train,waymo_300-499,39488,816;ego,ego,"range(14, 56)",0.4,1.8,0.5,42,1.0
136,waymo_train,waymo_300-499,40777,776;ego,ego,"range(12, 52)",0.4,1.8,0.5,40,0.9847430292313613
137,waymo_train,waymo_300-499,42498,874;ego,ego,"range(0, 50)",0.4,1.8,0.5,50,1.0
138,waymo_train,waymo_300-499,45365,2520;ego,ego,"range(0, 59)",0.4,1.8,0.5,59,1.0
139,waymo_train,waymo_300-499,47578,2564;ego,ego,"range(7, 56)",0.4,1.8,0.5,49,1.0
140,waymo_train,waymo_300-499,49968,2678;2685;ego,ego,"range(0, 39)",0.4,1.8,0.5,39,0.9996330857388531
141,waymo_train,waymo_300-499,51732,1565;ego,ego,"range(20, 85)",0.4,1.8,0.5,65,0.9975733419407727
142,waymo_train,waymo_300-499,52376,2;ego,ego,"range(16, 60)",0.4,1.8,0.5,44,1.0
143,waymo_train,waymo_300-499,52525,73;ego,ego,"range(0, 48)",0.4,1.8,0.5,48,0.5491779433459894
144,waymo_train,waymo_300-499,52760,1344;1347;ego,ego,"range(25, 70)",0.4,1.8,0.5,45,0.9970629830770665
145,waymo_train,waymo_300-499,53170,1672;ego,ego,"range(31, 74)",0.4,1.8,0.5,43,1.0
146,waymo_train,waymo_300-499,53427,1658;ego,ego,"range(26, 67)",0.4,1.8,0.5,41,1.0
147,waymo_train,waymo_300-499,53674,426;ego,ego,"range(0, 34)",0.4,1.8,0.5,34,0.9508286683164928
148,waymo_train,waymo_300-499,55806,989;ego,ego,"range(10, 74)",0.4,1.8,0.5,64,0.9993483020465213
149,waymo_train,waymo_300-499,59323,1856;ego,ego,"range(0, 52)",0.4,1.8,0.5,52,0.9004226364359447
150,waymo_train,waymo_300-499,59768,2678;ego,ego,"range(0, 41)",0.4,1.8,0.5,41,1.0
151,waymo_train,waymo_300-499,60782,484;ego,ego,"range(0, 43)",0.4,1.8,0.5,43,1.0
152,waymo_train,waymo_300-499,60921,1;ego,ego,"range(0, 57)",0.4,1.8,0.5,57,0.9029690394016994
153,waymo_train,waymo_300-499,61572,807;ego,ego,"range(10, 50)",0.4,1.8,0.5,40,1.0
154,waymo_train,waymo_300-499,63117,2357;ego,ego,"range(35, 85)",0.4,1.8,0.5,50,1.0
155,waymo_train,waymo_300-499,65037,276;ego,ego,"range(12, 58)",0.4,1.8,0.5,46,0.9985758877133908
156,waymo_train,waymo_300-499,65447,17;ego,ego,"range(0, 41)",0.4,1.8,0.5,41,0.9981798552481411
157,waymo_train,waymo_300-499,66183,207;ego,ego,"range(15, 72)",0.4,1.8,0.5,57,0.9753403943324415
158,waymo_train,waymo_300-499,69948,2078;ego,ego,"range(21, 82)",0.4,1.8,0.5,61,1.0
159,waymo_train,waymo_300-499,71193,0;ego,ego,"range(3, 43)",0.4,1.8,0.5,40,0.9486834871268425
160,waymo_train,waymo_300-499,72906,1300;ego,ego,"range(18, 62)",0.4,1.8,0.5,44,1.0
161,waymo_train,waymo_300-499,74076,229;ego,ego,"range(30, 90)",0.4,1.8,0.5,60,0.36314355924231717
162,waymo_train,waymo_300-499,74479,430;ego,ego,"range(25, 88)",0.4,1.8,0.5,63,0.9998171357548509
163,waymo_train,waymo_300-499,74600,2;ego,ego,"range(0, 40)",0.4,1.8,0.5,40,1.0
164,waymo_train,waymo_300-499,74720,1352;ego,ego,"range(0, 35)",0.4,1.8,0.5,35,1.0
165,waymo_train,waymo_300-499,75059,136;ego,ego,"range(0, 46)",0.4,1.8,0.5,46,1.0
166,waymo_train,waymo_300-499,75126,485;ego,ego,"range(15, 54)",0.4,1.8,0.5,39,0.9516506180476426
167,waymo_train,waymo_300-499,83000,926;ego,ego,"range(0, 42)",0.4,1.8,0.5,42,0.9982875298932179
168,waymo_train,waymo_300-499,84355,399;ego,ego,"range(11, 57)",0.4,1.8,0.5,46,1.0
169,waymo_train,waymo_300-499,86995,1089;1092;ego,ego,"range(0, 37)",0.4,1.8,0.5,37,1.0
170,waymo_train,waymo_300-499,86995,1089;1092;ego,ego,"range(0, 37)",0.4,1.8,0.5,37,1.0
171,waymo_train,waymo_300-499,87504,3244;ego,ego,"range(26, 82)",0.4,1.8,0.5,56,1.0
172,waymo_train,waymo_300-499,88500,1856;ego,ego,"range(0, 32)",0.4,1.8,0.5,32,0.896091961038467
173,waymo_train,waymo_300-499,91011,2448;ego,ego,"range(0, 37)",0.4,1.8,0.5,37,1.0
174,waymo_train,waymo_300-499,91653,796;ego,ego,"range(24, 82)",0.4,1.8,0.5,58,1.0
175,waymo_train,waymo_300-499,92088,2308;ego,ego,"range(11, 73)",0.4,1.8,0.5,62,1.0
176,waymo_train,waymo_300-499,92724,255;ego,ego,"range(44, 88)",0.4,1.8,0.5,44,1.0
177,waymo_train,waymo_300-499,96333,1738;ego,ego,"range(0, 41)",0.4,1.8,0.5,41,0.9916255322435655
178,waymo_train,waymo_300-499,97309,1297;ego,ego,"range(0, 46)",0.4,1.8,0.5,46,1.0
179,waymo_train,waymo_500-799,21494,4;ego,ego,"range(0, 53)",0.4,1.8,0.5,53,1.0
180,waymo_train,waymo_500-799,3596,249;ego,ego,"range(0, 32)",0.4,1.8,0.5,32,0.9985964793187012
181,waymo_train,waymo_500-799,41283,583;ego,ego,"range(24, 87)",0.4,1.8,0.5,63,1.0
182,waymo_train,waymo_500-799,44011,728;ego,ego,"range(0, 43)",0.4,1.8,0.5,43,0.933750064800291
183,waymo_train,waymo_500-799,44011,728;741;ego,ego,"range(0, 38)",0.4,1.8,0.5,38,0.9250329680634872
184,waymo_train,waymo_500-799,45391,2;ego,ego,"range(10, 68)",0.4,1.8,0.5,58,1.0
185,waymo_train,waymo_500-799,4842,204;ego,ego,"range(0, 30)",0.4,1.8,0.5,30,0.9398856292022862
186,waymo_train,waymo_500-799,61393,3512;ego,ego,"range(0, 53)",0.4,1.8,0.5,53,1.0
187,waymo_train,waymo_500-799,73980,1176;ego,ego,"range(30, 82)",0.4,1.8,0.5,52,1.0
188,waymo_train,waymo_500-799,81156,207;ego,ego,"range(36, 75)",0.4,1.8,0.5,39,1.0
189,waymo_train,waymo_500-799,8268,2235;ego,ego,"range(35, 84)",0.4,1.8,0.5,49,0.9950161362958451
190,waymo_train,waymo_500-799,103660,2220;2227;ego,ego,"range(20, 65)",0.4,1.8,0.5,45,1.0
191,waymo_train,waymo_500-799,13675,1667;ego,ego,"range(5, 45)",0.4,1.8,0.5,40,1.0
192,waymo_train,waymo_500-799,15617,39;ego,ego,"range(29, 90)",0.4,1.8,0.5,61,1.0
193,waymo_train,waymo_500-799,16609,1814;ego,ego,"range(0, 36)",0.4,1.8,0.5,36,1.0
194,waymo_train,waymo_500-799,18275,1279;ego,ego,"range(7, 52)",0.4,1.8,0.5,45,1.0
195,waymo_train,waymo_500-799,18960,1576;ego,ego,"range(0, 49)",0.4,1.8,0.5,49,1.0
196,waymo_train,waymo_500-799,19138,2116;ego,ego,"range(0, 32)",0.4,1.8,0.5,32,1.0
197,waymo_train,waymo_500-799,21827,394;ego,ego,"range(0, 35)",0.4,1.8,0.5,35,0.9932268179286471
198,waymo_train,waymo_500-799,22409,757;ego,ego,"range(0, 30)",0.4,1.8,0.5,30,0.9390463187920256
199,waymo_train,waymo_500-799,23447,1205;ego,ego,"range(26, 84)",0.4,1.8,0.5,58,1.0
200,waymo_train,waymo_500-799,25101,590;ego,ego,"range(0, 39)",0.4,1.8,0.5,39,1.0
201,waymo_train,waymo_500-799,25331,765;ego,ego,"range(11, 52)",0.4,1.8,0.5,41,1.0
202,waymo_train,waymo_500-799,81293,1201;ego,ego,"range(3, 43)",0.4,1.8,0.5,40,0.5935696445371237
203,waymo_train,waymo_500-799,81963,1166;ego,ego,"range(8, 74)",0.4,1.8,0.5,66,1.0
204,waymo_train,waymo_500-799,82079,603;611;ego,ego,"range(30, 71)",0.4,1.8,0.5,41,0.9916389467799195
205,waymo_train,waymo_500-799,30061,627;ego,ego,"range(7, 56)",0.4,1.8,0.5,49,1.0
206,waymo_train,waymo_500-799,31145,514;ego,ego,"range(20, 68)",0.4,1.8,0.5,48,0.9912334905048921
207,waymo_train,waymo_500-799,85831,55;ego,ego,"range(0, 33)",0.4,1.8,0.5,33,1.0
208,waymo_train,waymo_500-799,32999,458;ego,ego,"range(30, 73)",0.4,1.8,0.5,43,0.996063263930765
209,waymo_train,waymo_500-799,33356,182;ego,ego,"range(0, 61)",0.4,1.8,0.5,61,0.9013190007641788
210,waymo_train,waymo_500-799,87038,32;ego,ego,"range(0, 49)",0.4,1.8,0.5,49,0.9755582529192673
211,waymo_train,waymo_500-799,34141,3864;ego,ego,"range(9, 71)",0.4,1.8,0.5,62,0.9786541561041526
212,waymo_train,waymo_500-799,87917,1443;ego,ego,"range(10, 52)",0.4,1.8,0.5,42,0.8765146019929757
213,waymo_train,waymo_500-799,35190,2678;ego,ego,"range(0, 42)",0.4,1.8,0.5,42,0.9925189911670745
214,waymo_train,waymo_500-799,3625,56;ego,ego,"range(3, 46)",0.4,1.8,0.5,43,0.9985090344561738
215,waymo_train,waymo_500-799,90559,1061;ego,ego,"range(0, 34)",0.4,1.8,0.5,34,1.0
216,waymo_train,waymo_500-799,90736,950;ego,ego,"range(18, 74)",0.4,1.8,0.5,56,1.0
217,waymo_train,waymo_500-799,90874,1393;ego,ego,"range(11, 52)",0.4,1.8,0.5,41,1.0
218,waymo_train,waymo_500-799,39025,2139;ego,ego,"range(30, 90)",0.4,1.8,0.5,60,0.9583816587743189
219,waymo_train,waymo_500-799,93026,813;ego,ego,"range(26, 68)",0.4,1.8,0.5,42,0.46721462211134224
220,waymo_train,waymo_500-799,93061,2308;ego,ego,"range(21, 83)",0.4,1.8,0.5,62,1.0
221,waymo_train,waymo_500-799,4008,3406;ego,ego,"range(2, 60)",0.4,1.8,0.5,58,0.804783456038237
222,waymo_train,waymo_500-799,95655,2263;ego,ego,"range(28, 76)",0.4,1.8,0.5,48,1.0
223,waymo_train,waymo_500-799,42218,1727;ego,ego,"range(0, 31)",0.4,1.8,0.5,31,1.0
224,waymo_train,waymo_500-799,96628,368;ego,ego,"range(0, 39)",0.4,1.8,0.5,39,0.9996202738491997
225,waymo_train,waymo_500-799,42375,1696;ego,ego,"range(0, 36)",0.4,1.8,0.5,36,1.0
226,waymo_train,waymo_500-799,43410,44;ego,ego,"range(0, 32)",0.4,1.8,0.5,32,0.9177158388711775
227,waymo_train,waymo_500-799,97969,1118;ego,ego,"range(12, 69)",0.4,1.8,0.5,57,1.0
228,waymo_train,waymo_500-799,98656,1095;ego,ego,"range(0, 53)",0.4,1.8,0.5,53,0.9994213529080839
229,waymo_train,waymo_500-799,98967,1500;ego,ego,"range(2, 43)",0.4,1.8,0.5,41,1.0
230,waymo_train,waymo_500-799,99151,1849;ego,ego,"range(21, 81)",0.4,1.8,0.5,60,1.0
231,waymo_train,waymo_500-799,44676,944;ego,ego,"range(0, 50)",0.4,1.8,0.5,50,1.0
232,waymo_train,waymo_500-799,100380,2078;ego,ego,"range(0, 52)",0.4,1.8,0.5,52,1.0
233,waymo_train,waymo_500-799,100647,876;ego,ego,"range(7, 56)",0.4,1.8,0.5,49,0.9915735648313518
234,waymo_train,waymo_500-799,45989,160;ego,ego,"range(5, 62)",0.4,1.8,0.5,57,1.0
235,waymo_train,waymo_500-799,10116,1648;ego,ego,"range(0, 49)",0.4,1.8,0.5,49,0.9992601249163652
236,waymo_train,waymo_500-799,101640,167;ego,ego,"range(14, 64)",0.4,1.8,0.5,50,1.0
237,waymo_train,waymo_500-799,4681,1115;ego,ego,"range(0, 37)",0.4,1.8,0.5,37,1.0
238,waymo_train,waymo_500-799,47049,434;ego,ego,"range(0, 30)",0.4,1.8,0.5,30,0.7334058318352568
239,waymo_train,waymo_500-799,47659,299;ego,ego,"range(0, 39)",0.4,1.8,0.5,39,1.0
240,waymo_train,waymo_500-799,103293,56;ego,ego,"range(43, 86)",0.4,1.8,0.5,43,0.9985090344561738
241,waymo_train,waymo_500-799,48880,2234;ego,ego,"range(24, 81)",0.4,1.8,0.5,57,0.9991475533183528
242,waymo_train,waymo_500-799,48999,7;ego,ego,"range(4, 49)",0.4,1.8,0.5,45,0.9941554185638668
243,waymo_train,waymo_500-799,49134,45;ego,ego,"range(8, 48)",0.4,1.8,0.5,40,0.9229811562846434
244,waymo_train,waymo_500-799,105075,152;ego,ego,"range(0, 35)",0.4,1.8,0.5,35,0.9996425351723792
245,waymo_train,waymo_500-799,50425,1865;ego,ego,"range(9, 57)",0.4,1.8,0.5,48,1.0
246,waymo_train,waymo_500-799,108045,575;ego,ego,"range(0, 55)",0.4,1.8,0.5,55,1.0
247,waymo_train,waymo_500-799,52705,2369;ego,ego,"range(0, 51)",0.4,1.8,0.5,51,1.0
248,waymo_train,waymo_500-799,108505,701;ego,ego,"range(0, 45)",0.4,1.8,0.5,45,0.9854595698855306
249,waymo_train,waymo_500-799,108531,985;ego,ego,"range(0, 48)",0.4,1.8,0.5,48,0.9918975564216108
250,waymo_train,waymo_500-799,53939,614;ego,ego,"range(0, 30)",0.4,1.8,0.5,30,0.9995455423755525
251,waymo_train,waymo_500-799,110116,566;ego,ego,"range(19, 76)",0.4,1.8,0.5,57,0.9941150969430768
252,waymo_train,waymo_500-799,110129,13;ego,ego,"range(2, 46)",0.4,1.8,0.5,44,1.0
253,waymo_train,waymo_500-799,55071,2657;ego,ego,"range(16, 81)",0.4,1.8,0.5,65,1.0
254,waymo_train,waymo_500-799,111316,2204;ego,ego,"range(0, 35)",0.4,1.8,0.5,35,1.0
255,waymo_train,waymo_500-799,55659,1117;ego,ego,"range(0, 44)",0.4,1.8,0.5,44,0.9962174484639632
256,waymo_train,waymo_500-799,111778,1482;ego,ego,"range(6, 51)",0.4,1.8,0.5,45,0.9943308240203071
257,waymo_train,waymo_500-799,111877,728;741;ego,ego,"range(11, 58)",0.4,1.8,0.5,47,0.9299918836631638
258,waymo_train,waymo_500-799,111877,728;ego,ego,"range(4, 63)",0.4,1.8,0.5,59,0.9407357059576044
259,waymo_train,waymo_500-799,56155,1870;ego,ego,"range(25, 65)",0.4,1.8,0.5,40,0.41147409699744875
260,waymo_train,waymo_500-799,114024,924;ego,ego,"range(0, 34)",0.4,1.8,0.5,34,0.9998199219984878
261,waymo_train,waymo_500-799,58408,17;ego,ego,"range(0, 41)",0.4,1.8,0.5,41,0.9981798552481411
262,waymo_train,waymo_500-799,60002,630;ego,ego,"range(16, 65)",0.4,1.8,0.5,49,0.9497477611525478
263,waymo_train,waymo_500-799,116482,207;ego,ego,"range(15, 72)",0.4,1.8,0.5,57,0.9753403943324415
264,waymo_train,waymo_500-799,116522,165;ego,ego,"range(22, 70)",0.4,1.8,0.5,48,1.0
265,waymo_train,waymo_500-799,117440,458;484;488;ego,ego,"range(15, 61)",0.4,1.8,0.5,46,0.9663604334548535
266,waymo_train,waymo_500-799,117669,594;ego,ego,"range(0, 55)",0.4,1.8,0.5,55,0.9882961666739818
267,waymo_train,waymo_500-799,120131,229;ego,ego,"range(0, 39)",0.4,1.8,0.5,39,0.15178500528133926
268,waymo_train,waymo_500-799,121939,3025;ego,ego,"range(7, 51)",0.4,1.8,0.5,44,1.0
269,waymo_train,waymo_500-799,122520,2045;ego,ego,"range(1, 59)",0.4,1.8,0.5,58,1.0
270,waymo_train,waymo_500-799,67484,2431;ego,ego,"range(0, 35)",0.4,1.8,0.5,35,1.0
271,waymo_train,waymo_500-799,67714,393;ego,ego,"range(10, 51)",0.4,1.8,0.5,41,1.0
272,waymo_train,waymo_500-799,125369,76;ego,ego,"range(0, 31)",0.4,1.8,0.5,31,1.0
273,waymo_train,waymo_500-799,125917,1209;ego,ego,"range(30, 90)",0.4,1.8,0.5,60,1.0
274,waymo_train,waymo_500-799,126426,2447;ego,ego,"range(15, 80)",0.4,1.8,0.5,65,1.0
275,waymo_train,waymo_500-799,69345,2;ego,ego,"range(31, 89)",0.4,1.8,0.5,58,1.0
276,waymo_train,waymo_500-799,127225,1761;ego,ego,"range(2, 42)",0.4,1.8,0.5,40,1.0
277,waymo_train,waymo_500-799,127876,2317;ego,ego,"range(6, 75)",0.4,1.8,0.5,69,0.7022913388168169
278,waymo_train,waymo_500-799,128469,1090;ego,ego,"range(21, 76)",0.4,1.8,0.5,55,1.0
279,waymo_train,waymo_500-799,129137,2118;ego,ego,"range(0, 37)",0.4,1.8,0.5,37,1.0
280,waymo_train,waymo_500-799,129284,3148;ego,ego,"range(0, 42)",0.4,1.8,0.5,42,1.0
281,waymo_train,waymo_500-799,72683,1117;ego,ego,"range(9, 54)",0.4,1.8,0.5,45,0.996301505164764
282,waymo_train,waymo_500-799,74699,875;ego,ego,"range(0, 45)",0.4,1.8,0.5,45,0.956633547795432
283,waymo_train,waymo_500-799,75378,535;ego,ego,"range(11, 52)",0.4,1.8,0.5,41,1.0
284,waymo_train,waymo_500-799,75992,1071;ego,ego,"range(10, 53)",0.4,1.8,0.5,43,0.8051467056949919
285,waymo_train,waymo_500-799,77754,1865;ego,ego,"range(19, 67)",0.4,1.8,0.5,48,1.0
286,waymo_train,waymo_800-999,10004,1739;ego,ego,"range(0, 34)",0.4,1.8,0.5,34,0.9939370477643715
287,waymo_train,waymo_800-999,58606,505;ego,ego,"range(31, 81)",0.4,1.8,0.5,50,1.0
288,waymo_train,waymo_800-999,11634,863;ego,ego,"range(18, 79)",0.4,1.8,0.5,61,1.0
289,waymo_train,waymo_800-999,19020,1188;ego,ego,"range(6, 48)",0.4,1.8,0.5,42,0.9954614169630335
290,waymo_train,waymo_800-999,3090,630;ego,ego,"range(6, 55)",0.4,1.8,0.5,49,0.9497477611525478
291,waymo_train,waymo_800-999,44194,1876;ego,ego,"range(22, 73)",0.4,1.8,0.5,51,0.9596412793340908
292,waymo_train,waymo_800-999,67181,3148;ego,ego,"range(9, 52)",0.4,1.8,0.5,43,1.0
293,waymo_train,waymo_800-999,74431,2664;ego,ego,"range(0, 42)",0.4,1.8,0.5,42,0.999992159448138
294,waymo_train,waymo_800-999,14755,1964;ego,ego,"range(36, 80)",0.4,1.8,0.5,44,1.0
295,waymo_train,waymo_800-999,15636,1854;ego,ego,"range(0, 45)",0.4,1.8,0.5,45,1.0
296,waymo_train,waymo_800-999,15957,539;545;ego,ego,"range(10, 56)",0.4,1.8,0.5,46,0.9987422633271789
297,waymo_train,waymo_800-999,17401,707;ego,ego,"range(48, 89)",0.4,1.8,0.5,41,0.9987537991024203
298,waymo_train,waymo_800-999,18817,1953;ego,ego,"range(27, 87)",0.4,1.8,0.5,60,0.8346876596837525
299,waymo_train,waymo_800-999,19193,3666;ego,ego,"range(27, 90)",0.4,1.8,0.5,63,0.9984776170737732
300,waymo_train,waymo_800-999,19973,1739;ego,ego,"range(18, 64)",0.4,1.8,0.5,46,0.9897046995517755
301,waymo_train,waymo_800-999,20273,675;ego,ego,"range(0, 37)",0.4,1.8,0.5,37,0.9661814261653945
302,waymo_train,waymo_800-999,21198,13;ego,ego,"range(22, 66)",0.4,1.8,0.5,44,1.0
303,waymo_train,waymo_800-999,21470,167;ego,ego,"range(14, 64)",0.4,1.8,0.5,50,1.0
304,waymo_train,waymo_800-999,2496,989;ego,ego,"range(0, 54)",0.4,1.8,0.5,54,1.0
305,waymo_train,waymo_800-999,27572,1844;ego,ego,"range(29, 90)",0.4,1.8,0.5,61,0.9688544379046063
306,waymo_train,waymo_800-999,29090,1633;ego,ego,"range(0, 36)",0.4,1.8,0.5,36,1.0
307,waymo_train,waymo_800-999,29641,1865;ego,ego,"range(0, 47)",0.4,1.8,0.5,47,1.0
308,waymo_train,waymo_800-999,30244,1865;ego,ego,"range(9, 57)",0.4,1.8,0.5,48,1.0
309,waymo_train,waymo_800-999,3097,1338;ego,ego,"range(30, 73)",0.4,1.8,0.5,43,0.9737188811184246
310,waymo_train,waymo_800-999,31256,714;ego,ego,"range(0, 54)",0.4,1.8,0.5,54,1.0
311,waymo_train,waymo_800-999,33263,1188;ego,ego,"range(0, 38)",0.4,1.8,0.5,38,0.994983671380195
312,waymo_train,waymo_800-999,35610,2074;ego,ego,"range(0, 31)",0.4,1.8,0.5,31,1.0
313,waymo_train,waymo_800-999,36868,167;ego,ego,"range(4, 54)",0.4,1.8,0.5,50,1.0
314,waymo_train,waymo_800-999,36957,1720;ego,ego,"range(34, 80)",0.4,1.8,0.5,46,0.9904371243339078
315,waymo_train,waymo_800-999,37453,1267;ego,ego,"range(0, 47)",0.4,1.8,0.5,47,1.0
316,waymo_train,waymo_800-999,37919,3074;ego,ego,"range(0, 37)",0.4,1.8,0.5,37,1.0
317,waymo_train,waymo_800-999,38368,924;ego,ego,"range(3, 64)",0.4,1.8,0.5,61,0.9998996286548948
318,waymo_train,waymo_800-999,39710,362;ego,ego,"range(16, 70)",0.4,1.8,0.5,54,0.9999749861903263
319,waymo_train,waymo_800-999,39892,506;ego,ego,"range(0, 50)",0.4,1.8,0.5,50,0.9884511286353163
320,waymo_train,waymo_800-999,42800,1806;ego,ego,"range(0, 39)",0.4,1.8,0.5,39,1.0
321,waymo_train,waymo_800-999,44941,190;191;194;ego,ego,"range(16, 56)",0.4,1.8,0.5,40,0.9881417641293805
322,waymo_train,waymo_800-999,45999,2;ego,ego,"range(0, 40)",0.4,1.8,0.5,40,1.0
323,waymo_train,waymo_800-999,46199,380;ego,ego,"range(8, 52)",0.4,1.8,0.5,44,1.0
324,waymo_train,waymo_800-999,48968,1946;ego,ego,"range(31, 90)",0.4,1.8,0.5,59,1.0
325,waymo_train,waymo_800-999,50982,362;ego,ego,"range(0, 50)",0.4,1.8,0.5,50,1.0
326,waymo_train,waymo_800-999,52482,73;ego,ego,"range(16, 68)",0.4,1.8,0.5,52,0.5278009150514956
327,waymo_train,waymo_800-999,52834,2317;ego,ego,"range(6, 75)",0.4,1.8,0.5,69,0.7022913388168169
328,waymo_train,waymo_800-999,54849,123;ego,ego,"range(0, 32)",0.4,1.8,0.5,32,0.996564760962229
329,waymo_train,waymo_800-999,55754,393;ego,ego,"range(20, 61)",0.4,1.8,0.5,41,1.0
330,waymo_train,waymo_800-999,55930,2566;ego,ego,"range(24, 75)",0.4,1.8,0.5,51,0.9658525747807135
331,waymo_train,waymo_800-999,56132,336;ego,ego,"range(29, 76)",0.4,1.8,0.5,47,1.0
332,waymo_train,waymo_800-999,56439,2882;ego,ego,"range(0, 51)",0.4,1.8,0.5,51,1.0
333,waymo_train,waymo_800-999,63019,41;ego,ego,"range(0, 35)",0.4,1.8,0.5,35,1.0
334,waymo_train,waymo_800-999,63129,1885;ego,ego,"range(22, 84)",0.4,1.8,0.5,62,1.0
335,waymo_train,waymo_800-999,64788,1188;ego,ego,"range(16, 58)",0.4,1.8,0.5,42,0.9954614169630335
336,waymo_train,waymo_800-999,64985,1488;ego,ego,"range(14, 54)",0.4,1.8,0.5,40,1.0
337,waymo_train,waymo_800-999,68940,1041;ego,ego,"range(0, 36)",0.4,1.8,0.5,36,1.0
338,waymo_train,waymo_800-999,6992,1985;ego,ego,"range(9, 62)",0.4,1.8,0.5,53,0.918052597019028
339,waymo_train,waymo_800-999,74752,2980;ego,ego,"range(30, 82)",0.4,1.8,0.5,52,1.0
340,waymo_train,waymo_800-999,76519,3668;ego,ego,"range(27, 84)",0.4,1.8,0.5,57,0.9967377375810507
341,waymo_train,waymo_800-999,77058,1998;2003;ego,ego,"range(24, 70)",0.4,1.8,0.5,46,0.9994236745638636
342,waymo_train,waymo_800-999,78767,559;ego,ego,"range(0, 43)",0.4,1.8,0.5,43,0.9945684478440858
343,waymo_train,waymo_800-999,80860,42;ego,ego,"range(0, 30)",0.4,1.8,0.5,30,1.0
344,waymo_train,waymo_800-999,80860,44;ego,ego,"range(5, 52)",0.4,1.8,0.5,47,0.9439767413590997
345,waymo_train,waymo_800-999,80956,207;ego,ego,"range(5, 62)",0.4,1.8,0.5,57,0.9753403943324415
346,waymo_train,waymo_800-999,81821,2;ego,ego,"range(5, 56)",0.4,1.8,0.5,51,0.9936839524655039
347,waymo_train,waymo_800-999,83516,1513;ego,ego,"range(0, 32)",0.4,1.8,0.5,32,1.0
348,waymo_train,waymo_800-999,8356,262;ego,ego,"range(41, 80)",0.4,1.8,0.5,39,1.0
349,waymo_train,waymo_800-999,83877,1447;ego,ego,"range(16, 78)",0.4,1.8,0.5,62,0.9995559524523254
350,waymo_train,waymo_800-999,84559,45;ego,ego,"range(18, 58)",0.4,1.8,0.5,40,0.9229811562846434
351,waymo_train,waymo_800-999,85208,1089;1092;ego,ego,"range(7, 57)",0.4,1.8,0.5,50,1.0
352,waymo_train,waymo_800-999,87562,779;ego,ego,"range(12, 65)",0.4,1.8,0.5,53,0.9869384052601928
353,waymo_train,waymo_800-999,8818,18;ego,ego,"range(0, 32)",0.4,1.8,0.5,32,0.9535227449701199
354,waymo_train,waymo_800-999,89545,822;ego,ego,"range(24, 63)",0.4,1.8,0.5,39,1.0
355,waymo_train,waymo_800-999,90938,807;ego,ego,"range(30, 70)",0.4,1.8,0.5,40,1.0
356,waymo_train,waymo_800-999,90978,765;ego,ego,"range(21, 62)",0.4,1.8,0.5,41,1.0
357,waymo_train,waymo_800-999,91684,2114;2116;ego,ego,"range(0, 37)",0.4,1.8,0.5,37,1.0
358,waymo_train,waymo_800-999,91795,1;ego,ego,"range(16, 65)",0.4,1.8,0.5,49,1.0
359,waymo_train,waymo_800-999,92804,43;ego,ego,"range(14, 73)",0.4,1.8,0.5,59,0.7171309817184165
360,waymo_train,waymo_800-999,9355,1741;ego,ego,"range(1, 60)",0.4,1.8,0.5,59,1.0
361,waymo_train,waymo_800-999,96225,1644;ego,ego,"range(0, 34)",0.4,1.8,0.5,34,1.0
362,waymo_train,waymo_800-999,96693,1741;ego,ego,"range(21, 80)",0.4,1.8,0.5,59,1.0
363,waymo_train,waymo_800-999,96826,926;ego,ego,"range(11, 62)",0.4,1.8,0.5,51,0.9982973573914197
364,waymo_train,waymo_0-299,17189,447;465,447,"range(3, 42)",0.4,1.8,0.5,39,0.6789115395682286
365,waymo_train,waymo_0-299,21978,1744;1750;1760,1744,"range(0, 36)",0.4,1.8,0.5,36,0.519544148869209
366,waymo_train,waymo_0-299,32586,1526;1527,1526,"range(1, 44)",0.4,1.8,0.5,43,0.6663026418920862
367,waymo_train,waymo_0-299,4369,363;365,363,"range(0, 37)",0.4,1.8,0.5,37,0.7373769321887653
368,waymo_train,waymo_0-299,43847,2281;2295,2281,"range(11, 53)",0.4,1.8,0.5,42,0.7638595035780508
369,waymo_train,waymo_0-299,54799,1547;1551,1547,"range(0, 56)",0.4,1.8,0.5,56,0.8114965755734194
370,waymo_train,waymo_0-299,59366,14;47,14,"range(14, 66)",0.4,1.8,0.5,52,0.7607489960828736
371,waymo_train,waymo_0-299,66662,1347;1466,1347,"range(10, 49)",0.4,1.8,0.5,39,0.9110316152071661
372,waymo_train,waymo_0-299,94928,408;452,408,"range(17, 56)",0.4,1.8,0.5,39,0.7520116797288569
373,waymo_train,waymo_0-299,98721,1036;1055,1036,"range(0, 31)",0.4,1.8,0.5,31,0.8293654320313899
374,waymo_train,waymo_0-299,99205,1412;1425,1412,"range(30, 69)",0.4,1.8,0.5,39,0.8323360960838011
375,waymo_train,waymo_0-299,117512,593;611,593,"range(0, 38)",0.4,1.8,0.5,38,0.7172967255668722
376,waymo_train,waymo_0-299,16586,837;839;847,837,"range(0, 34)",0.4,1.8,0.5,34,0.7423165809799893
377,waymo_train,waymo_0-299,16155,12;5,12,"range(9, 48)",0.4,1.8,0.5,39,0.6437854900383062
378,waymo_train,waymo_0-299,17214,934;970,934,"range(14, 61)",0.4,1.8,0.5,47,0.7225143327736715
379,waymo_train,waymo_0-299,17846,218;233,218,"range(27, 73)",0.4,1.8,0.5,46,0.672597121827366
380,waymo_train,waymo_0-299,19226,133;178,133,"range(0, 43)",0.4,1.8,0.5,43,0.6871784384707373
381,waymo_train,waymo_0-299,23576,46;5,46,"range(11, 51)",0.4,1.8,0.5,40,0.7690846084405976
382,waymo_train,waymo_0-299,24037,1082;1084,1082,"range(0, 35)",0.4,1.8,0.5,35,0.7913508000932921
383,waymo_train,waymo_0-299,28202,1025;1056,1025,"range(0, 33)",0.4,1.8,0.5,33,0.1999121117904617
384,waymo_train,waymo_0-299,29741,925;952,925,"range(15, 54)",0.4,1.8,0.5,39,0.577682215704033
385,waymo_train,waymo_0-299,31557,1314;1323,1314,"range(28, 68)",0.4,1.8,0.5,40,0.862712976895754
386,waymo_train,waymo_0-299,32558,512;513,512,"range(31, 82)",0.4,1.8,0.5,51,0.6537933217413499
387,waymo_train,waymo_0-299,94289,115;129;164,115,"range(0, 49)",0.4,1.8,0.5,49,0.8718229326955648
388,waymo_train,waymo_0-299,34865,19;4,19,"range(0, 29)",0.4,1.8,0.5,29,0.8723643222644202
389,waymo_train,waymo_0-299,96292,2691;2697,2691,"range(24, 73)",0.4,1.8,0.5,49,0.7578931195572035
390,waymo_train,waymo_0-299,36173,512;513,512,"range(0, 42)",0.4,1.8,0.5,42,0.6578070516273679
391,waymo_train,waymo_0-299,99490,26;53,26,"range(8, 52)",0.4,1.8,0.5,44,0.6828037642623348
392,waymo_train,waymo_0-299,100998,973;992,973,"range(0, 36)",0.4,1.8,0.5,36,0.7396356225621235
393,waymo_train,waymo_0-299,40441,1025;1051,1025,"range(40, 84)",0.4,1.8,0.5,44,0.48309693340280674
394,waymo_train,waymo_0-299,40648,1165;1177,1165,"range(8, 56)",0.4,1.8,0.5,48,0.5956197558707941
395,waymo_train,waymo_0-299,40803,2368;2415,2368,"range(0, 33)",0.4,1.8,0.5,33,0.792152280332936
396,waymo_train,waymo_0-299,102474,599;612,599,"range(13, 52)",0.4,1.8,0.5,39,0.6650225252975243
397,waymo_train,waymo_0-299,41328,265;267,265,"range(0, 43)",0.4,1.8,0.5,43,0.5738185812326748
398,waymo_train,waymo_0-299,102881,942;957,942,"range(0, 39)",0.4,1.8,0.5,39,0.7503124498731591
399,waymo_train,waymo_0-299,41618,973;978,973,"range(30, 73)",0.4,1.8,0.5,43,0.8824978007415759
400,waymo_train,waymo_0-299,103593,1252;1274,1252,"range(5, 44)",0.4,1.8,0.5,39,0.4961212344347986
401,waymo_train,waymo_0-299,44369,1578;1656,1578,"range(29, 68)",0.4,1.8,0.5,39,0.45532178686993885
402,waymo_train,waymo_0-299,106682,4;45;6,4,"range(43, 84)",0.4,1.8,0.5,41,0.8673158787891136
403,waymo_train,waymo_0-299,1092,458;480,458,"range(29, 71)",0.4,1.8,0.5,42,0.6667425115300586
404,waymo_train,waymo_0-299,109592,2281;2295,2281,"range(31, 73)",0.4,1.8,0.5,42,0.7672792866079214
405,waymo_train,waymo_0-299,1100,209;248,209,"range(0, 49)",0.4,1.8,0.5,49,0.8256898749564239
406,waymo_train,waymo_0-299,1100,209;224;248,209,"range(2, 47)",0.4,1.8,0.5,45,0.8186271426800636
407,waymo_train,waymo_0-299,51255,541;608,541,"range(5, 57)",0.4,1.8,0.5,52,0.7874705039527895
408,waymo_train,waymo_0-299,52810,1347;1466,1347,"range(20, 59)",0.4,1.8,0.5,39,0.9110316152071661
409,waymo_train,waymo_0-299,115241,1196;1199,1196,"range(47, 86)",0.4,1.8,0.5,39,0.22261550928901577
410,waymo_train,waymo_0-299,1154,3099;3139,3099,"range(32, 71)",0.4,1.8,0.5,39,0.6402844638266164
411,waymo_train,waymo_0-299,11588,541;578,541,"range(0, 54)",0.4,1.8,0.5,54,0.6369913508241744
412,waymo_train,waymo_0-299,117048,3;58,3,"range(1, 44)",0.4,1.8,0.5,43,0.48418050417329694
413,waymo_train,waymo_0-299,54501,526;543,526,"range(0, 42)",0.4,1.8,0.5,42,0.9432197785088001
414,waymo_train,waymo_0-299,54878,973;992,973,"range(6, 46)",0.4,1.8,0.5,40,0.7645645646732259
415,waymo_train,waymo_0-299,118963,1755;1762,1755,"range(0, 55)",0.4,1.8,0.5,55,0.6022526008103706
416,waymo_train,waymo_0-299,120183,1493;1539,1493,"range(12, 52)",0.4,1.8,0.5,40,0.8009701547611003
417,waymo_train,waymo_0-299,123325,3200;3206,3200,"range(0, 53)",0.4,1.8,0.5,53,0.6231120902089615
418,waymo_train,waymo_0-299,60405,1307;1318,1307,"range(3, 42)",0.4,1.8,0.5,39,0.2724994528394552
419,waymo_train,waymo_0-299,126746,1700;1726,1700,"range(33, 74)",0.4,1.8,0.5,41,0.8833407551434286
420,waymo_train,waymo_0-299,63553,11;8,11,"range(20, 62)",0.4,1.8,0.5,42,0.8564285109305249
421,waymo_train,waymo_0-299,63992,180;224,180,"range(1, 69)",0.4,1.8,0.5,68,0.5542632564213524
422,waymo_train,waymo_0-299,130362,403;412,403,"range(28, 69)",0.4,1.8,0.5,41,0.7663023392166399
423,waymo_train,waymo_0-299,6694,734;735,734,"range(0, 34)",0.4,1.8,0.5,34,0.8363175039751352
424,waymo_train,waymo_0-299,131432,1193;1216,1193,"range(6, 53)",0.4,1.8,0.5,47,0.7687337782139654
425,waymo_train,waymo_0-299,132289,526;543,526,"range(0, 32)",0.4,1.8,0.5,32,0.9350090832246198
426,waymo_train,waymo_0-299,69889,21;31;33,21,"range(0, 38)",0.4,1.8,0.5,38,0.49143301422902563
427,waymo_train,waymo_0-299,135673,3116;3120;3160,3116,"range(21, 64)",0.4,1.8,0.5,43,0.9331117454268327
428,waymo_train,waymo_0-299,136403,780;782,780,"range(0, 39)",0.4,1.8,0.5,39,0.5921270357815762
429,waymo_train,waymo_0-299,136449,180;224;310,180,"range(12, 56)",0.4,1.8,0.5,44,0.49564705006000787
430,waymo_train,waymo_0-299,138131,1465;1515,1465,"range(29, 73)",0.4,1.8,0.5,44,0.5476663431147859
431,waymo_train,waymo_0-299,138876,1679;1697;1707,1679,"range(0, 31)",0.4,1.8,0.5,31,0.9243068626984008
432,waymo_train,waymo_0-299,74373,1578;1656,1578,"range(19, 58)",0.4,1.8,0.5,39,0.4553698710311042
433,waymo_train,waymo_0-299,74965,840;851;867,840,"range(0, 33)",0.4,1.8,0.5,33,0.8577994790574454
434,waymo_train,waymo_0-299,141852,1034;1037,1034,"range(0, 59)",0.4,1.8,0.5,59,0.9053145138224585
435,waymo_train,waymo_0-299,143484,1346;1443,1346,"range(30, 76)",0.4,1.8,0.5,46,0.7357736761190278
436,waymo_train,waymo_0-299,79897,1016;977,1016,"range(0, 42)",0.4,1.8,0.5,42,0.7622477718698029
437,waymo_train,waymo_0-299,80590,780;782,780,"range(22, 79)",0.4,1.8,0.5,57,0.6887574044929053
438,waymo_train,waymo_0-299,85485,541;578,541,"range(29, 84)",0.4,1.8,0.5,55,0.6408612061661589
439,waymo_train,waymo_0-299,86303,2111;2261,2111,"range(45, 88)",0.4,1.8,0.5,43,0.5456987715612979
440,waymo_train,waymo_0-299,87960,447;465,447,"range(23, 62)",0.4,1.8,0.5,39,0.6789115395682286
441,waymo_train,waymo_300-499,59,3116;3120;3160,3116,"range(31, 74)",0.4,1.8,0.5,43,0.9331117454268327
442,waymo_train,waymo_300-499,6872,1;13;22,1,"range(0, 50)",0.4,1.8,0.5,50,0.7226897912883987
443,waymo_train,waymo_300-499,6872,1;22,1,"range(0, 83)",0.4,1.8,0.5,83,0.6927328825743587
444,waymo_train,waymo_300-499,9780,438;442,438,"range(17, 66)",0.4,1.8,0.5,49,0.888197106146365
445,waymo_train,waymo_300-499,10601,481;582,481,"range(45, 86)",0.4,1.8,0.5,41,0.32954840620431913
446,waymo_train,waymo_300-499,11637,400;401,400,"range(57, 90)",0.4,1.8,0.5,33,0.44587575586606487
447,waymo_train,waymo_300-499,16574,3019;3027,3019,"range(0, 31)",0.4,1.8,0.5,31,0.9637102819422114
448,waymo_train,waymo_300-499,20119,11;8,11,"range(10, 52)",0.4,1.8,0.5,42,0.8564285109305249
449,waymo_train,waymo_300-499,20422,77;83,77,"range(3, 48)",0.4,1.8,0.5,45,0.8966291108292456
450,waymo_train,waymo_300-499,23099,14;16;29,14,"range(0, 43)",0.4,1.8,0.5,43,0.522358859869415
451,waymo_train,waymo_300-499,23949,1108;1137,1108,"range(15, 59)",0.4,1.8,0.5,44,0.8223170070441141
452,waymo_train,waymo_300-499,29440,183;226,183,"range(23, 81)",0.4,1.8,0.5,58,0.36702439909096174
453,waymo_train,waymo_300-499,33152,843;906,843,"range(0, 44)",0.4,1.8,0.5,44,0.6222513462637508
454,waymo_train,waymo_300-499,33517,1902;1907,1902,"range(25, 67)",0.4,1.8,0.5,42,0.8570050347839548
455,waymo_train,waymo_300-499,37470,447;463,447,"range(39, 82)",0.4,1.8,0.5,43,0.47314361689635226
456,waymo_train,waymo_300-499,41773,2123;2144,2123,"range(0, 42)",0.4,1.8,0.5,42,0.7752509300220917
457,waymo_train,waymo_300-499,42669,1375;1408,1375,"range(10, 56)",0.4,1.8,0.5,46,0.8916422596719634
458,waymo_train,waymo_300-499,44350,354;383,354,"range(19, 68)",0.4,1.8,0.5,49,0.7470619919261456
459,waymo_train,waymo_300-499,46011,528;545,528,"range(0, 45)",0.4,1.8,0.5,45,0.8097980643689235
460,waymo_train,waymo_300-499,48698,3136;3146,3136,"range(40, 90)",0.4,1.8,0.5,50,0.8157197480951203
461,waymo_train,waymo_300-499,49876,136;191,136,"range(0, 33)",0.4,1.8,0.5,33,0.9451153343274087
462,waymo_train,waymo_300-499,52349,0;43,0,"range(0, 32)",0.4,1.8,0.5,32,0.4819395267774438
463,waymo_train,waymo_300-499,52539,32;5,32,"range(32, 71)",0.4,1.8,0.5,39,0.5859342760240092
464,waymo_train,waymo_300-499,53112,1314;1323,1314,"range(0, 38)",0.4,1.8,0.5,38,0.8532910115985636
465,waymo_train,waymo_300-499,53973,2267;2270,2267,"range(39, 82)",0.4,1.8,0.5,43,0.6679700129165441
466,waymo_train,waymo_300-499,59151,964;979,964,"range(21, 77)",0.4,1.8,0.5,56,0.6463673822793642
467,waymo_train,waymo_300-499,59833,658;671,658,"range(0, 40)",0.4,1.8,0.5,40,0.8048495477354246
468,waymo_train,waymo_300-499,60083,1679;1697;1707,1679,"range(31, 71)",0.4,1.8,0.5,40,0.8934295958202789
469,waymo_train,waymo_300-499,65013,1744;1750;1760,1744,"range(14, 56)",0.4,1.8,0.5,42,0.5862563557364766
470,waymo_train,waymo_300-499,65179,1402;1442,1402,"range(3, 55)",0.4,1.8,0.5,52,0.7478280237313842
471,waymo_train,waymo_300-499,65531,20;22,20,"range(24, 72)",0.4,1.8,0.5,48,0.6420155044763143
472,waymo_train,waymo_300-499,66067,780;782,780,"range(2, 59)",0.4,1.8,0.5,57,0.6887574044929053
473,waymo_train,waymo_300-499,69844,263;266,263,"range(13, 61)",0.4,1.8,0.5,48,0.564892187501826
474,waymo_train,waymo_300-499,71482,13;33;7;8,13,"range(0, 33)",0.4,1.8,0.5,33,0.7686648980865136
475,waymo_train,waymo_300-499,72138,663;700,663,"range(14, 56)",0.4,1.8,0.5,42,0.7564325853791365
476,waymo_train,waymo_300-499,72816,3;58,3,"range(41, 85)",0.4,1.8,0.5,44,0.49131859816816376
477,waymo_train,waymo_300-499,75225,175;192,175,"range(1, 57)",0.4,1.8,0.5,56,0.5580044683305029
478,waymo_train,waymo_300-499,77559,1547;1551,1547,"range(0, 36)",0.4,1.8,0.5,36,0.7743737979734078
479,waymo_train,waymo_300-499,84031,2305;2307,2305,"range(16, 62)",0.4,1.8,0.5,46,0.5678580544634777
480,waymo_train,waymo_300-499,88727,121;98,121,"range(38, 83)",0.4,1.8,0.5,45,0.6746239183009788
481,waymo_train,waymo_300-499,88914,471;484;485,471,"range(20, 61)",0.4,1.8,0.5,41,0.734395443972185
482,waymo_train,waymo_300-499,90981,1489;1494,1489,"range(25, 64)",0.4,1.8,0.5,39,0.8350687715716046
483,waymo_train,waymo_300-499,95944,681;684,681,"range(26, 72)",0.4,1.8,0.5,46,0.6959759492200471
484,waymo_train,waymo_500-799,119513,314;319,314,"range(4, 43)",0.4,1.8,0.5,39,0.8503910130372747
485,waymo_train,waymo_500-799,52425,645;651,645,"range(29, 68)",0.4,1.8,0.5,39,0.6054201151924453
486,waymo_train,waymo_500-799,79016,1430;1493,1430,"range(14, 59)",0.4,1.8,0.5,45,0.8512868285043768
487,waymo_train,waymo_500-799,109983,2249;2252,2249,"range(36, 88)",0.4,1.8,0.5,52,0.8433180420737474
488,waymo_train,waymo_500-799,128074,354;365,354,"range(21, 67)",0.4,1.8,0.5,46,0.7399034242995018
489,waymo_train,waymo_500-799,14665,1467;1628,1467,"range(3, 42)",0.4,1.8,0.5,39,0.7126712775127799
490,waymo_train,waymo_500-799,15513,663;669,663,"range(22, 78)",0.4,1.8,0.5,56,0.9563998012408723
491,waymo_train,waymo_500-799,15538,511;571,511,"range(0, 40)",0.4,1.8,0.5,40,0.6763952854595857
492,waymo_train,waymo_500-799,21338,405;460,405,"range(30, 70)",0.4,1.8,0.5,40,0.6176422675255008
493,waymo_train,waymo_500-799,27135,191;194,191,"range(27, 82)",0.4,1.8,0.5,55,0.49931831686502376
494,waymo_train,waymo_500-799,82573,1578;1579;1580,1578,"range(2, 41)",0.4,1.8,0.5,39,0.8213562846987514
495,waymo_train,waymo_500-799,86227,2735;2775,2735,"range(8, 60)",0.4,1.8,0.5,52,0.5900373264674275
496,waymo_train,waymo_500-799,86441,1285;1315,1285,"range(15, 54)",0.4,1.8,0.5,39,0.49762487534560024
497,waymo_train,waymo_500-799,33421,942;957,942,"range(0, 39)",0.4,1.8,0.5,39,0.7503124498731591
498,waymo_train,waymo_500-799,87109,183;226,183,"range(3, 61)",0.4,1.8,0.5,58,0.36702439909096174
499,waymo_train,waymo_500-799,35901,231;398,231,"range(11, 51)",0.4,1.8,0.5,40,0.5084686247986879
500,waymo_train,waymo_500-799,36814,1231;1235,1231,"range(3, 43)",0.4,1.8,0.5,40,0.9549379381264413
501,waymo_train,waymo_500-799,91640,512;513,512,"range(0, 42)",0.4,1.8,0.5,42,0.6578070516273679
502,waymo_train,waymo_500-799,37980,1025;1051,1025,"range(20, 64)",0.4,1.8,0.5,44,0.4963326041816815
503,waymo_train,waymo_500-799,92237,488;505,488,"range(16, 56)",0.4,1.8,0.5,40,0.6290287240518448
504,waymo_train,waymo_500-799,3864,3136;3146,3136,"range(40, 90)",0.4,1.8,0.5,50,0.8157197480951203
505,waymo_train,waymo_500-799,40698,1193;1216,1193,"range(16, 63)",0.4,1.8,0.5,47,0.7687337782139654
506,waymo_train,waymo_500-799,94869,661;702,661,"range(20, 62)",0.4,1.8,0.5,42,0.9094514374875798
507,waymo_train,waymo_500-799,42054,400;401,400,"range(57, 90)",0.4,1.8,0.5,33,0.44587575586606487
508,waymo_train,waymo_500-799,42785,400;401,400,"range(14, 51)",0.4,1.8,0.5,37,0.4618103224738712
509,waymo_train,waymo_500-799,43436,782;790,782,"range(0, 30)",0.4,1.8,0.5,30,0.9326977413665237
510,waymo_train,waymo_500-799,43842,964;979,964,"range(31, 87)",0.4,1.8,0.5,56,0.6585169419629858
511,waymo_train,waymo_500-799,99907,1016;977,1016,"range(36, 82)",0.4,1.8,0.5,46,0.7918826221243309
512,waymo_train,waymo_500-799,102163,1891;1897,1891,"range(23, 62)",0.4,1.8,0.5,39,0.8008773558972978
513,waymo_train,waymo_500-799,47897,658;671,658,"range(21, 70)",0.4,1.8,0.5,49,0.8304340818052937
514,waymo_train,waymo_500-799,105132,1417;1418,1417,"range(2, 44)",0.4,1.8,0.5,42,0.36854006037794107
515,waymo_train,waymo_500-799,107906,2;7,2,"range(0, 38)",0.4,1.8,0.5,38,0.6906573184672675
516,waymo_train,waymo_500-799,52891,231;398,231,"range(31, 71)",0.4,1.8,0.5,40,0.5123767311265122
517,waymo_train,waymo_500-799,109160,2305;2307,2305,"range(26, 72)",0.4,1.8,0.5,46,0.5647358484878958
518,waymo_train,waymo_500-799,114000,3099;3139,3099,"range(32, 71)",0.4,1.8,0.5,39,0.6402844638266164
519,waymo_train,waymo_500-799,117398,2;7,2,"range(14, 58)",0.4,1.8,0.5,44,0.640077061859114
520,waymo_train,waymo_500-799,117413,658;671,658,"range(1, 50)",0.4,1.8,0.5,49,0.8304340818052937
521,waymo_train,waymo_500-799,118254,541;578,541,"range(0, 54)",0.4,1.8,0.5,54,0.6369913508241744
522,waymo_train,waymo_500-799,62138,68;72,68,"range(10, 55)",0.4,1.8,0.5,45,0.6792184984352927
523,waymo_train,waymo_500-799,6226,934;970,934,"range(14, 61)",0.4,1.8,0.5,47,0.7225143327736715
524,waymo_train,waymo_500-799,119020,16;6,16,"range(30, 81)",0.4,1.8,0.5,51,0.47398646728426175
525,waymo_train,waymo_500-799,120512,534;536,534,"range(0, 35)",0.4,1.8,0.5,35,0.6306921803221351
526,waymo_train,waymo_500-799,121940,646;648,646,"range(67, 88)",0.4,1.8,0.5,21,0.4618700918685412
527,waymo_train,waymo_500-799,122050,320;321;332,320,"range(0, 36)",0.4,1.8,0.5,36,0.8528307786602175
528,waymo_train,waymo_500-799,123578,115;129;164,115,"range(0, 49)",0.4,1.8,0.5,49,0.8718229326955648
529,waymo_train,waymo_500-799,67331,458;480,458,"range(29, 71)",0.4,1.8,0.5,42,0.6667425115300586
530,waymo_train,waymo_500-799,125079,840;851,840,"range(0, 32)",0.4,1.8,0.5,32,0.8516599796813868
531,waymo_train,waymo_500-799,70370,1196;1199,1196,"range(47, 86)",0.4,1.8,0.5,39,0.22261550928901577
532,waymo_train,waymo_500-799,73379,1282;1283,1282,"range(11, 43)",0.4,1.8,0.5,32,0.7064257608339168
533,waymo_train,waymo_500-799,73918,613;655,613,"range(0, 39)",0.4,1.8,0.5,39,0.3877235142222129
534,waymo_train,waymo_500-799,74419,1758;1792,1758,"range(0, 45)",0.4,1.8,0.5,45,0.5622163028873951
535,waymo_train,waymo_500-799,7650,2276;2288,2276,"range(26, 68)",0.4,1.8,0.5,42,0.8508904729190293
536,waymo_train,waymo_500-799,7713,2281;2295,2281,"range(11, 53)",0.4,1.8,0.5,42,0.7638595035780508
537,waymo_train,waymo_500-799,77805,1669;1787;1803,1669,"range(16, 59)",0.4,1.8,0.5,43,0.5830344518341491
538,waymo_train,waymo_500-799,78018,1025;1051,1025,"range(40, 84)",0.4,1.8,0.5,44,0.48309693340280674
539,waymo_train,waymo_800-999,35634,1412;1425,1412,"range(10, 49)",0.4,1.8,0.5,39,0.8323360960838011
540,waymo_train,waymo_800-999,45540,794;801,794,"range(0, 41)",0.4,1.8,0.5,41,0.9236723975817228
541,waymo_train,waymo_800-999,45540,801;808,801,"range(11, 52)",0.4,1.8,0.5,41,0.8535958215853379
542,waymo_train,waymo_800-999,89821,1718;1722,1718,"range(0, 30)",0.4,1.8,0.5,30,0.7810596791354644
543,waymo_train,waymo_800-999,10904,1447;1448,1447,"range(20, 54)",0.4,1.8,0.5,34,0.5427987295088457
544,waymo_train,waymo_800-999,11567,779;789,779,"range(0, 45)",0.4,1.8,0.5,45,0.31122352016436194
545,waymo_train,waymo_800-999,2224,1314;1323,1314,"range(8, 48)",0.4,1.8,0.5,40,0.862712976895754
546,waymo_train,waymo_800-999,26168,491;512,491,"range(8, 49)",0.4,1.8,0.5,41,0.730022658608979
547,waymo_train,waymo_800-999,26301,2276;2288,2276,"range(6, 48)",0.4,1.8,0.5,42,0.8531384281037746
548,waymo_train,waymo_800-999,43498,304;317,304,"range(0, 30)",0.4,1.8,0.5,30,0.7142635717412074
549,waymo_train,waymo_800-999,4446,541;608,541,"range(25, 77)",0.4,1.8,0.5,52,0.7874705039527895
550,waymo_train,waymo_800-999,44786,3136;3146,3136,"range(0, 41)",0.4,1.8,0.5,41,0.6122681636479707
551,waymo_train,waymo_800-999,47705,1310;1313,1310,"range(0, 47)",0.4,1.8,0.5,47,0.6960596783783944
552,waymo_train,waymo_800-999,49564,526;543,526,"range(5, 52)",0.4,1.8,0.5,47,0.940422286496681
553,waymo_train,waymo_800-999,55015,258;280,258,"range(27, 74)",0.4,1.8,0.5,47,0.9077230786300018
554,waymo_train,waymo_800-999,56068,218;233,218,"range(0, 33)",0.4,1.8,0.5,33,0.5652783515856858
555,waymo_train,waymo_800-999,57920,151;152,151,"range(0, 44)",0.4,1.8,0.5,44,0.677695847140595
556,waymo_train,waymo_800-999,59997,925;952,925,"range(0, 34)",0.4,1.8,0.5,34,0.5402028474362658
557,waymo_train,waymo_800-999,63488,787;830,787,"range(27, 72)",0.4,1.8,0.5,45,0.5417293773251832
558,waymo_train,waymo_800-999,63699,1214;1220,1214,"range(10, 52)",0.4,1.8,0.5,42,0.8343003580178655
559,waymo_train,waymo_800-999,63921,892;961,892,"range(39, 80)",0.4,1.8,0.5,41,0.536912342674904
560,waymo_train,waymo_800-999,64975,12;5,12,"range(0, 38)",0.4,1.8,0.5,38,0.6582198743194334
561,waymo_train,waymo_800-999,65486,1430;1493,1430,"range(14, 59)",0.4,1.8,0.5,45,0.8512868285043768
562,waymo_train,waymo_800-999,70626,889;925,889,"range(11, 50)",0.4,1.8,0.5,39,0.5358618827708714
563,waymo_train,waymo_800-999,74743,2106;2108,2106,"range(0, 39)",0.4,1.8,0.5,39,0.710612483167942
564,waymo_train,waymo_800-999,79653,681;713,681,"range(42, 81)",0.4,1.8,0.5,39,0.3305315669773471
565,waymo_train,waymo_800-999,8064,14;47,14,"range(4, 56)",0.4,1.8,0.5,52,0.7607489960828736
566,waymo_train,waymo_800-999,82258,1;22,1,"range(0, 63)",0.4,1.8,0.5,63,0.6438912516562121
567,waymo_train,waymo_800-999,82258,1;13;22,1,"range(0, 30)",0.4,1.8,0.5,30,0.6400936388363172
568,waymo_train,waymo_800-999,87468,3;58,3,"range(31, 75)",0.4,1.8,0.5,44,0.49131859816816376
569,waymo_train,waymo_800-999,87652,151;152,151,"range(4, 54)",0.4,1.8,0.5,50,0.7170006163398793
570,waymo_train,waymo_800-999,88919,183;226,183,"range(3, 61)",0.4,1.8,0.5,58,0.36702439909096174
571,waymo_train,waymo_800-999,89194,919;982,919,"range(12, 51)",0.4,1.8,0.5,39,0.8446501370231874
572,waymo_train,waymo_800-999,90448,3136;3146,3136,"range(30, 90)",0.4,1.8,0.5,60,0.7098983672381849
573,waymo_train,waymo_0-299,36865,857;869,857,"range(0, 34)",0.4,1.8,0.5,34,0.8204106899713798
574,waymo_train,waymo_0-299,43040,648;652,648,"range(0, 39)",0.4,1.8,0.5,39,0.7812169831002966
575,waymo_train,waymo_0-299,572,1983;1987,1983,"range(0, 33)",0.4,1.8,0.5,33,0.7720192486331874
576,waymo_train,waymo_0-299,85413,1473;1484,1473,"range(0, 50)",0.4,1.8,0.5,50,0.8901113483676449
577,waymo_train,waymo_0-299,114790,47;49,47,"range(0, 44)",0.4,1.8,0.5,44,0.8464970110153572
578,waymo_train,waymo_0-299,17028,1451;1452;1463,1451,"range(0, 35)",0.4,1.8,0.5,35,0.8315161972371123
579,waymo_train,waymo_0-299,3052,587;601,587,"range(14, 60)",0.4,1.8,0.5,46,0.9020697668957911
580,waymo_train,waymo_0-299,90959,483;497,483,"range(0, 51)",0.4,1.8,0.5,51,0.5847462981283641
581,waymo_train,waymo_0-299,30645,2037;2049,2037,"range(9, 57)",0.4,1.8,0.5,48,0.7883282364489563
582,waymo_train,waymo_0-299,91488,187;201,187,"range(0, 41)",0.4,1.8,0.5,41,0.7059124293212444
583,waymo_train,waymo_0-299,31290,1236;1259,1236,"range(28, 67)",0.4,1.8,0.5,39,0.7614813873604652
584,waymo_train,waymo_0-299,31963,1051;1055;1064,1051,"range(0, 45)",0.4,1.8,0.5,45,0.7292939806457363
585,waymo_train,waymo_0-299,33927,157;159,157,"range(0, 35)",0.4,1.8,0.5,35,0.7540223492691881
586,waymo_train,waymo_0-299,34080,14;33,14,"range(0, 50)",0.4,1.8,0.5,50,0.71549249874863
587,waymo_train,waymo_0-299,35696,10;12;7,10,"range(14, 57)",0.4,1.8,0.5,43,0.5128882241657334
588,waymo_train,waymo_0-299,96647,877;890,877,"range(0, 32)",0.4,1.8,0.5,32,0.8298636803802135
589,waymo_train,waymo_0-299,37626,1243;1323,1243,"range(0, 42)",0.4,1.8,0.5,42,0.8203157341739646
590,waymo_train,waymo_0-299,3773,2448;2449,2448,"range(0, 42)",0.4,1.8,0.5,42,0.6038962663652809
591,waymo_train,waymo_0-299,98965,141;91,141,"range(10, 50)",0.4,1.8,0.5,40,0.5563719213282343
592,waymo_train,waymo_0-299,38875,1766;1768,1766,"range(0, 90)",0.4,1.8,0.5,90,0.8061315968235095
593,waymo_train,waymo_0-299,137037,22;3,22,"range(8, 54)",0.4,1.8,0.5,46,0.6510109207654026
594,waymo_train,waymo_0-299,7292,403;409,403,"range(0, 35)",0.4,1.8,0.5,35,0.8697030678812481
595,waymo_train,waymo_0-299,73818,1877;1885,1877,"range(25, 66)",0.4,1.8,0.5,41,0.8696157729167963
596,waymo_train,waymo_300-499,30753,137;162,137,"range(0, 34)",0.4,1.8,0.5,34,0.6295560700187794
597,waymo_train,waymo_300-499,31058,1066;1070,1066,"range(13, 68)",0.4,1.8,0.5,55,0.7047217202101458
598,waymo_train,waymo_300-499,36764,775;779,775,"range(26, 82)",0.4,1.8,0.5,56,0.7577660001244956
599,waymo_train,waymo_300-499,37687,46;55;62,46,"range(36, 78)",0.4,1.8,0.5,42,0.6103387078423794
600,waymo_train,waymo_300-499,37736,426;428,426,"range(11, 53)",0.4,1.8,0.5,42,0.8750580596057059
601,waymo_train,waymo_300-499,42416,607;620,607,"range(0, 35)",0.4,1.8,0.5,35,0.7693015199159955
602,waymo_train,waymo_300-499,44965,715;724,715,"range(22, 68)",0.4,1.8,0.5,46,0.77252541807533
603,waymo_train,waymo_300-499,45843,1070;1078,1070,"range(20, 76)",0.4,1.8,0.5,56,0.6292373071470302
604,waymo_train,waymo_300-499,47439,2;3,2,"range(0, 33)",0.4,1.8,0.5,33,0.7234993154774703
605,waymo_train,waymo_300-499,48134,1336;1356,1336,"range(0, 36)",0.4,1.8,0.5,36,0.8414404743526388
606,waymo_train,waymo_300-499,49649,2691;2707,2691,"range(0, 30)",0.4,1.8,0.5,30,0.7543535406450623
607,waymo_train,waymo_300-499,51089,426;428,426,"range(31, 73)",0.4,1.8,0.5,42,0.8614924998525475
608,waymo_train,waymo_300-499,51793,969;970,969,"range(30, 82)",0.4,1.8,0.5,52,0.9234937502433758
609,waymo_train,waymo_300-499,52617,1562;1564,1562,"range(0, 39)",0.4,1.8,0.5,39,0.8159645916226409
610,waymo_train,waymo_300-499,52805,551;609,551,"range(0, 29)",0.4,1.8,0.5,29,0.6346599515629805
611,waymo_train,waymo_300-499,53455,1635;1648,1635,"range(18, 57)",0.4,1.8,0.5,39,0.7217216965442363
612,waymo_train,waymo_300-499,55718,1888;1889,1888,"range(0, 35)",0.4,1.8,0.5,35,0.7528352255991447
613,waymo_train,waymo_300-499,57273,1041;1042,1041,"range(0, 50)",0.4,1.8,0.5,50,0.9203719816862127
614,waymo_train,waymo_300-499,60488,52;8,52,"range(6, 47)",0.4,1.8,0.5,41,0.7942910017709158
615,waymo_train,waymo_300-499,63485,34;7,34,"range(0, 45)",0.4,1.8,0.5,45,0.726072578180803
616,waymo_train,waymo_300-499,65646,809;892,809,"range(0, 31)",0.4,1.8,0.5,31,0.8993778528944667
617,waymo_train,waymo_300-499,72525,1600;1619,1600,"range(0, 31)",0.4,1.8,0.5,31,0.8242743658304492
618,waymo_train,waymo_300-499,73907,2195;2199,2195,"range(19, 58)",0.4,1.8,0.5,39,0.8730244889772902
619,waymo_train,waymo_300-499,74334,2616;2630,2616,"range(16, 56)",0.4,1.8,0.5,40,0.5946498694778868
620,waymo_train,waymo_300-499,78507,1262;1263,1262,"range(0, 38)",0.4,1.8,0.5,38,0.6468859899797575
621,waymo_train,waymo_300-499,81317,702;727,702,"range(6, 46)",0.4,1.8,0.5,40,0.4879642241637031
622,waymo_train,waymo_300-499,82821,426;428,426,"range(0, 33)",0.4,1.8,0.5,33,0.8558202961558552
623,waymo_train,waymo_300-499,84523,353;382,353,"range(37, 80)",0.4,1.8,0.5,43,0.9122028553157792
624,waymo_train,waymo_300-499,88364,775;776,775,"range(14, 62)",0.4,1.8,0.5,48,0.6675060370282734
625,waymo_train,waymo_300-499,89707,720;733,720,"range(21, 61)",0.4,1.8,0.5,40,0.8064622363471171
626,waymo_train,waymo_300-499,89825,2037;2049,2037,"range(29, 77)",0.4,1.8,0.5,48,0.7883282364489563
627,waymo_train,waymo_300-499,91402,187;201,187,"range(11, 61)",0.4,1.8,0.5,50,0.7189773680005364
628,waymo_train,waymo_300-499,93106,1473;1484,1473,"range(22, 90)",0.4,1.8,0.5,68,0.9165479925529352
629,waymo_train,waymo_300-499,94209,1066;1070,1066,"range(0, 48)",0.4,1.8,0.5,48,0.7170040064187622
630,waymo_train,waymo_300-499,95256,10;17;7,10,"range(0, 49)",0.4,1.8,0.5,49,0.8857152238481621
631,waymo_train,waymo_300-499,96337,197;200,197,"range(0, 47)",0.4,1.8,0.5,47,0.6988512097845914
632,waymo_train,waymo_500-799,13010,16;2;3,16,"range(0, 72)",0.4,1.8,0.5,72,0.5944521734410748
633,waymo_train,waymo_500-799,101200,1833;1844,1833,"range(0, 31)",0.4,1.8,0.5,31,0.6463506455431671
634,waymo_train,waymo_500-799,13157,1816;1830,1816,"range(0, 55)",0.4,1.8,0.5,55,0.854069160917551
635,waymo_train,waymo_500-799,48427,353;382,353,"range(17, 60)",0.4,1.8,0.5,43,0.9022659584799709
636,waymo_train,waymo_500-799,54760,2813;2817,2813,"range(0, 34)",0.4,1.8,0.5,34,0.9222098278111711
637,waymo_train,waymo_500-799,64373,46;55;62,46,"range(16, 58)",0.4,1.8,0.5,42,0.6103387078423794
638,waymo_train,waymo_500-799,83323,716;721,716,"range(7, 48)",0.4,1.8,0.5,41,0.7738280228902744
639,waymo_train,waymo_500-799,105115,877;890,877,"range(31, 82)",0.4,1.8,0.5,51,0.812038763387311
640,waymo_train,waymo_500-799,15325,453;459,453,"range(12, 63)",0.4,1.8,0.5,51,0.6838675881561243
641,waymo_train,waymo_500-799,15617,37;54,37,"range(17, 56)",0.4,1.8,0.5,39,0.7993108452255631
642,waymo_train,waymo_500-799,18084,287;381,287,"range(0, 50)",0.4,1.8,0.5,50,0.5744843337061075
643,waymo_train,waymo_500-799,23598,1001;951,1001,"range(0, 40)",0.4,1.8,0.5,40,0.7768809434152256
644,waymo_train,waymo_500-799,25406,1732;1740,1732,"range(3, 52)",0.4,1.8,0.5,49,0.7974802789436107
645,waymo_train,waymo_500-799,25592,1093;1118,1093,"range(2, 42)",0.4,1.8,0.5,40,0.9208703617925345
646,waymo_train,waymo_500-799,80153,2616;2630,2616,"range(16, 56)",0.4,1.8,0.5,40,0.5946498694778868
647,waymo_train,waymo_500-799,28915,969;970,969,"range(10, 62)",0.4,1.8,0.5,52,0.925861135497908
648,waymo_train,waymo_500-799,29350,195;233,195,"range(3, 51)",0.4,1.8,0.5,48,0.7031407196601922
649,waymo_train,waymo_500-799,83496,1620;1622,1620,"range(6, 47)",0.4,1.8,0.5,41,0.7418498138815327
650,waymo_train,waymo_500-799,33613,1833;1844,1833,"range(0, 51)",0.4,1.8,0.5,51,0.7571580101990744
651,waymo_train,waymo_500-799,87164,723;748,723,"range(3, 43)",0.4,1.8,0.5,40,0.897537571869031
652,waymo_train,waymo_500-799,87652,2000;2004,2000,"range(21, 72)",0.4,1.8,0.5,51,0.635394509436423
653,waymo_train,waymo_500-799,34232,329;364,329,"range(0, 63)",0.4,1.8,0.5,63,0.4181869270785084
654,waymo_train,waymo_500-799,34905,1161;1164;1166,1161,"range(15, 56)",0.4,1.8,0.5,41,0.9413077812497664
655,waymo_train,waymo_500-799,35237,2280;2395,2280,"range(44, 87)",0.4,1.8,0.5,43,0.6104403771913252
656,waymo_train,waymo_500-799,37627,1145;1155,1145,"range(28, 73)",0.4,1.8,0.5,45,0.5026181075500799
657,waymo_train,waymo_500-799,37740,2181;2190,2181,"range(19, 58)",0.4,1.8,0.5,39,0.6852387339122017
658,waymo_train,waymo_500-799,37740,2180;2181;2190,2180,"range(0, 53)",0.4,1.8,0.5,53,0.6902523632561709
659,waymo_train,waymo_500-799,41319,775;779,775,"range(6, 62)",0.4,1.8,0.5,56,0.7577660001244956
660,waymo_train,waymo_500-799,42118,46;55;62,46,"range(6, 48)",0.4,1.8,0.5,42,0.6103387078423794
661,waymo_train,waymo_500-799,97452,2513;2514,2513,"range(0, 30)",0.4,1.8,0.5,30,0.7632577663394345
662,waymo_train,waymo_500-799,44724,211;214,211,"range(3, 42)",0.4,1.8,0.5,39,0.7764074798270522
663,waymo_train,waymo_500-799,44895,708;712,708,"range(30, 76)",0.4,1.8,0.5,46,0.7754212304524977
664,waymo_train,waymo_500-799,98170,7;8,7,"range(24, 72)",0.4,1.8,0.5,48,0.663815856049461
665,waymo_train,waymo_500-799,45248,392;402,392,"range(2, 42)",0.4,1.8,0.5,40,0.610337061957221
666,waymo_train,waymo_500-799,45633,1993;1996,1993,"range(0, 40)",0.4,1.8,0.5,40,0.6417406332228679
667,waymo_train,waymo_500-799,103108,1654;1660,1654,"range(37, 86)",0.4,1.8,0.5,49,0.7636706848825194
668,waymo_train,waymo_500-799,48167,2508;2686,2508,"range(11, 58)",0.4,1.8,0.5,47,0.944271070037796
669,waymo_train,waymo_500-799,104779,607;620,607,"range(19, 65)",0.4,1.8,0.5,46,0.7977421564845841
670,waymo_train,waymo_500-799,50888,197;200,197,"range(5, 57)",0.4,1.8,0.5,52,0.6950746538957764
671,waymo_train,waymo_500-799,51525,1718;1722,1718,"range(19, 70)",0.4,1.8,0.5,51,0.7877479034442112
672,waymo_train,waymo_500-799,5162,14;33,14,"range(0, 40)",0.4,1.8,0.5,40,0.8072887385057579
673,waymo_train,waymo_500-799,51669,407;429,407,"range(14, 58)",0.4,1.8,0.5,44,0.9498970687189641
674,waymo_train,waymo_500-799,52080,1635;1648,1635,"range(18, 57)",0.4,1.8,0.5,39,0.7217216965442363
675,waymo_train,waymo_500-799,108386,102;116,102,"range(0, 36)",0.4,1.8,0.5,36,0.6376249121255066
676,waymo_train,waymo_500-799,108507,216;217,216,"range(11, 66)",0.4,1.8,0.5,55,0.906259588014475
677,waymo_train,waymo_800-999,57019,869;887;903,869,"range(11, 52)",0.4,1.8,0.5,41,0.7935822273123218
678,waymo_train,waymo_800-999,62986,1197;1221,1197,"range(12, 52)",0.4,1.8,0.5,40,0.8978180069662344
679,waymo_train,waymo_800-999,64072,2280;2395,2280,"range(44, 87)",0.4,1.8,0.5,43,0.6104403771913252
680,waymo_train,waymo_800-999,66110,260;261,260,"range(45, 90)",0.4,1.8,0.5,45,0.46648682240881406
681,waymo_train,waymo_800-999,70093,1118;1122,1118,"range(1, 44)",0.4,1.8,0.5,43,0.8974389717118955
682,waymo_train,waymo_800-999,7323,1493;1518,1493,"range(0, 30)",0.4,1.8,0.5,30,0.8719434661076417
683,waymo_train,waymo_800-999,81067,1816;1830,1816,"range(21, 85)",0.4,1.8,0.5,64,0.8755956892881903
684,waymo_train,waymo_800-999,81140,1394;1395,1394,"range(31, 80)",0.4,1.8,0.5,49,0.7685686317533242
685,waymo_train,waymo_800-999,83422,50;58,50,"range(0, 33)",0.4,1.8,0.5,33,0.4283820447739245
686,waymo_train,waymo_800-999,84477,16;2,16,"range(0, 39)",0.4,1.8,0.5,39,0.41341714607366387
687,waymo_train,waymo_800-999,84666,37;54,37,"range(17, 56)",0.4,1.8,0.5,39,0.7993108452255631
688,waymo_train,waymo_800-999,85169,1682;1686,1682,"range(5, 55)",0.4,1.8,0.5,50,0.8352690091776772
689,waymo_train,waymo_800-999,86865,1716;1730,1716,"range(0, 51)",0.4,1.8,0.5,51,0.748236489510567
690,waymo_train,waymo_800-999,88419,1816;1830,1816,"range(0, 55)",0.4,1.8,0.5,55,0.854069160917551
691,waymo_train,waymo_800-999,89755,1763;1774,1763,"range(24, 72)",0.4,1.8,0.5,48,0.8498495300877043
692,waymo_train,waymo_800-999,9070,1262;1263,1262,"range(24, 78)",0.4,1.8,0.5,54,0.6574476665888557
693,waymo_train,waymo_800-999,96286,2280;2395,2280,"range(24, 67)",0.4,1.8,0.5,43,0.6061981067165975
694,waymo_train,waymo_800-999,96839,1;49,1,"range(30, 74)",0.4,1.8,0.5,44,0.6675915621832079
695,waymo_train,waymo_800-999,97042,2469;2470,2469,"range(14, 76)",0.4,1.8,0.5,62,0.7536474195979224
696,waymo_train,waymo_800-999,97086,2448;2449,2448,"range(30, 82)",0.4,1.8,0.5,52,0.6242395601717926
697,waymo_train,waymo_0-299,67796,693;701,693,"range(27, 81)",0.4,1.8,0.5,54,0.8465037138474453
698,waymo_train,waymo_0-299,22758,1447;1482;1511;1520,1447,"range(28, 70)",0.4,1.8,0.5,42,0.8124612593519303
699,waymo_train,waymo_0-299,92882,2552;2568;2571,2552,"range(11, 71)",0.4,1.8,0.5,60,0.8260455571445772
700,waymo_train,waymo_0-299,49360,1067;1073,1067,"range(0, 44)",0.4,1.8,0.5,44,0.7811987770643897
701,waymo_train,waymo_300-499,1918,2348;2350,2348,"range(4, 46)",0.4,1.8,0.5,42,0.18821396859232672
702,waymo_train,waymo_300-499,12119,577;598,577,"range(2, 47)",0.4,1.8,0.5,45,0.8760494725029703
703,waymo_train,waymo_500-799,20002,811;832,811,"range(7, 54)",0.4,1.8,0.5,47,0.7469453335227532
704,waymo_train,waymo_800-999,88316,1666;1696,1666,"range(46, 87)",0.4,1.8,0.5,41,0.5915957283705672
705,waymo_train,waymo_800-999,88449,138;144,138,"range(13, 54)",0.4,1.8,0.5,41,0.5407397055631266
