index,dataset,folder,scenario_idx,track_id,start_time,start,end,ego_type,key_agents,path_relationship
1,waymo_train,waymo_0-299,32111,1272;ego,4,3,8,AV_1,ego;1272,CP
2,waymo_train,waymo_0-299,3671,794;ego,0,28,33,AV_1,ego;794,CP
3,waymo_train,waymo_0-299,46973,203;ego,5,18,31,AV_1,ego;203,CP
4,waymo_train,waymo_0-299,51490,2018;ego,17,35,52,AV_1,2018;ego,MP
5,waymo_train,waymo_0-299,5567,2184;ego,26,25,56,AV_1,2184;ego,MP
6,waymo_train,waymo_0-299,79408,1998;ego,0,26,30,AV_1,1998;ego,MP
7,waymo_train,waymo_0-299,95569,2248;ego,16,37,54,AV_1,2248;ego,MP
8,waymo_train,waymo_0-299,102587,924;ego,13,23,49,AV_1,ego;924,CP
9,waymo_train,waymo_0-299,123876,2865;ego,0,38,42,AV_1,2865;ego,CP
10,waymo_train,waymo_0-299,134006,2657;ego,30,36,66,AV_1,2657;ego,MP
11,waymo_train,waymo_0-299,14720,899;ego,32,16,38,AV_1,899;ego,MP
12,waymo_train,waymo_0-299,15227,1844;ego,26,19,50,AV_1,1844;ego,MP
13,waymo_train,waymo_0-299,16714,526;ego,29,14,46,AV_1,526;ego,MP
14,waymo_train,waymo_0-299,19079,165;ego,2,32,45,AV_1,165;ego,CP
15,waymo_train,waymo_0-299,20296,950;ego,0,0,4,AV_1,950;ego,MP
16,waymo_train,waymo_0-299,20708,5;ego,27,3,28,AV_1,5;ego,MP
17,waymo_train,waymo_0-299,20895,1936;ego,17,12,30,AV_1,1936;ego,MP
18,waymo_train,waymo_0-299,24389,1952;ego,0,26,37,AV_1,1952;ego,MP
19,waymo_train,waymo_0-299,25708,1887;ego,15,33,50,AV_1,1887;ego,MP
20,waymo_train,waymo_0-299,27447,68;ego,0,0,5,AV_1,ego;68,CP
21,waymo_train,waymo_0-299,27765,2421;ego,13,23,34,AV_1,2421;ego,MP
22,waymo_train,waymo_0-299,29833,798;ego,16,5,27,AV_1,798;ego,MP
23,waymo_train,waymo_0-299,30020,1117;ego,10,29,39,AV_1,1117;ego,CP
24,waymo_train,waymo_0-299,90380,861;ego,7,0,11,AV_1,861;ego,MP
25,waymo_train,waymo_0-299,91392,1093;ego,9,31,40,AV_1,ego;1093,CP
26,waymo_train,waymo_0-299,91425,1483;ego,0,6,21,AV_1,1483;ego,MP
27,waymo_train,waymo_0-299,91832,4313;ego,8,13,18,AV_1,ego;4313,CP
28,waymo_train,waymo_0-299,91933,518;ego,8,46,56,AV_1,518;ego,MP
29,waymo_train,waymo_0-299,31651,1806;ego,13,12,34,AV_1,1806;ego,MP
30,waymo_train,waymo_0-299,93102,701;ego,14,0,20,AV_1,701;ego,MP
31,waymo_train,waymo_0-299,94336,957;ego,0,1,13,AV_1,957;ego,MP
32,waymo_train,waymo_0-299,35451,389;391;ego,11,35,40,AV_1,391;ego,CP
33,waymo_train,waymo_0-299,96603,1803;ego,12,0,14,AV_1,1803;ego,MP
34,waymo_train,waymo_0-299,97207,2371;ego,28,34,61,AV_1,2371;ego,MP
35,waymo_train,waymo_0-299,37022,20;ego,30,26,53,AV_1,20;ego,MP
36,waymo_train,waymo_0-299,99483,1094;ego,12,39,51,AV_1,1094;ego,MP
37,waymo_train,waymo_0-299,39058,182;ego,0,14,29,AV_1,182;ego,MP
38,waymo_train,waymo_0-299,100679,727;ego,31,24,59,AV_1,727;ego,MP
39,waymo_train,waymo_0-299,100967,728;741;ego,21,21,33,AV_1,728;ego,CP
40,waymo_train,waymo_0-299,100967,728;ego,28,14,38,AV_1,728;ego,CP
41,waymo_train,waymo_0-299,40040,3006;ego,39,31,58,AV_1,3006;ego,MP
42,waymo_train,waymo_0-299,102468,1818;ego,14,0,13,AV_1,1818;ego,MP
43,waymo_train,waymo_0-299,41580,2428;ego,7,10,18,AV_1,2428;ego,CP
44,waymo_train,waymo_0-299,105812,566;ego,27,9,31,AV_1,566;ego,MP
45,waymo_train,waymo_0-299,45858,2509;2512;ego,24,27,35,AV_1,2509;ego,MP
46,waymo_train,waymo_0-299,10815,1556;ego,11,0,25,AV_1,1556;ego,MP
47,waymo_train,waymo_0-299,108745,118;ego,6,15,31,AV_1,118;ego,MP
48,waymo_train,waymo_0-299,109961,344;ego,4,21,29,AV_1,344;ego,CP
49,waymo_train,waymo_0-299,49119,324;ego,0,0,6,AV_1,324;ego,MP
50,waymo_train,waymo_0-299,112924,97;ego,0,0,6,AV_1,97;ego,MP
51,waymo_train,waymo_0-299,114054,1150;ego,12,18,35,AV_1,1150;ego,MP
52,waymo_train,waymo_0-299,52182,1332;ego,6,31,39,AV_1,ego;1332,CP
53,waymo_train,waymo_0-299,115062,2930;2933;ego,22,33,48,AV_1,2930;ego,MP
54,waymo_train,waymo_0-299,52926,1;ego,27,13,47,AV_1,1;ego,MP
55,waymo_train,waymo_0-299,115640,545;ego,0,0,7,AV_1,545;ego,MP
56,waymo_train,waymo_0-299,116105,2352;ego,23,33,57,AV_1,2352;ego,MP
57,waymo_train,waymo_0-299,53713,1870;ego,0,15,20,AV_1,ego;1870,CP
58,waymo_train,waymo_0-299,116679,760;ego,12,22,40,AV_1,760;ego,MP
59,waymo_train,waymo_0-299,118224,294;295;ego,0,35,41,AV_1,ego;295,CP
60,waymo_train,waymo_0-299,118961,1860;ego,13,26,46,AV_1,1860;ego,MP
61,waymo_train,waymo_0-299,119354,1624;1669;ego,36,31,48,AV_1,1669;ego,MP
62,waymo_train,waymo_0-299,57654,996;ego,11,37,42,AV_1,996;ego,MP
63,waymo_train,waymo_0-299,58006,627;ego,13,37,51,AV_1,ego;627,CP
64,waymo_train,waymo_0-299,123816,1865;ego,0,29,42,AV_1,ego;1865,CP
65,waymo_train,waymo_0-299,60754,364;ego,0,2,15,AV_1,364;ego,MP
66,waymo_train,waymo_0-299,124480,822;ego,16,14,18,AV_1,822;ego,CP
67,waymo_train,waymo_0-299,126269,73;ego,3,16,33,AV_1,ego;73,CP
68,waymo_train,waymo_0-299,62972,514;ego,17,10,23,AV_1,514;ego,MP
69,waymo_train,waymo_0-299,63545,1558;ego,25,38,67,AV_1,1558;ego,MP
70,waymo_train,waymo_0-299,128041,1991;ego,18,3,29,AV_1,1991;ego,MP
71,waymo_train,waymo_0-299,128046,510;ego,0,34,38,AV_1,510;ego,CP
72,waymo_train,waymo_0-299,128061,1511;ego,11,21,32,AV_1,1511;ego,CP
73,waymo_train,waymo_0-299,128172,0;2;ego,0,0,9,AV_1,2;ego,MP
74,waymo_train,waymo_0-299,128987,851;ego,16,35,56,AV_1,851;ego,MP
75,waymo_train,waymo_0-299,129657,1167;ego,0,41,46,AV_1,ego;1167,CP
76,waymo_train,waymo_0-299,130102,0;ego,0,0,5,AV_1,0;ego,MP
77,waymo_train,waymo_0-299,130664,944;ego,35,13,45,AV_1,944;ego,MP
78,waymo_train,waymo_0-299,132604,147;ego,0,31,40,AV_1,ego;147,CP
79,waymo_train,waymo_0-299,69563,1619;ego,0,0,16,AV_1,1619;ego,MP
80,waymo_train,waymo_0-299,134586,19;ego,26,38,65,AV_1,19;ego,MP
81,waymo_train,waymo_0-299,70862,1201;ego,0,13,18,AV_1,ego;1201,CP
82,waymo_train,waymo_0-299,136334,874;ego,25,30,55,AV_1,874;ego,MP
83,waymo_train,waymo_0-299,136545,22;ego,14,10,29,AV_1,22;ego,CP
84,waymo_train,waymo_0-299,137674,121;ego,0,9,18,AV_1,121;ego,MP
85,waymo_train,waymo_0-299,138672,448;ego,10,4,27,AV_1,448;ego,MP
86,waymo_train,waymo_0-299,75730,1522;ego,11,23,39,AV_1,1522;ego,MP
87,waymo_train,waymo_0-299,7635,630;ego,11,36,50,AV_1,ego;630,CP
88,waymo_train,waymo_0-299,141163,1055;ego,13,0,26,AV_1,1055;ego,MP
89,waymo_train,waymo_0-299,141367,1629;ego,0,14,19,AV_1,ego;1629,CP
90,waymo_train,waymo_0-299,77340,3023;ego,19,30,53,AV_1,3023;ego,MP
91,waymo_train,waymo_0-299,142692,10;ego,15,38,51,AV_1,10;ego,MP
92,waymo_train,waymo_0-299,142643,834;ego,0,0,7,AV_1,834;ego,MP
93,waymo_train,waymo_0-299,78420,1445;1449;ego,29,35,53,AV_1,1445;ego,MP
94,waymo_train,waymo_0-299,144899,2082;ego,0,0,10,AV_1,2082;ego,MP
95,waymo_train,waymo_0-299,80298,1173;ego,5,39,60,AV_1,1173;ego,MP
96,waymo_train,waymo_0-299,82104,2678;2685;ego,24,37,44,AV_1,2678;ego,MP
97,waymo_train,waymo_0-299,82350,811;ego,17,0,23,AV_1,811;ego,MP
98,waymo_train,waymo_0-299,8355,2653;ego,19,5,26,AV_1,2653;ego,MP
99,waymo_train,waymo_0-299,8356,1911;1912;ego,27,35,51,AV_1,1912;ego,MP
100,waymo_train,waymo_0-299,83990,1936;ego,6,34,49,AV_1,1936;ego,MP
101,waymo_train,waymo_0-299,84631,1071;ego,20,40,48,AV_1,1071;ego,CP
102,waymo_train,waymo_0-299,85224,44;ego,6,0,7,AV_1,ego;44,CP
103,waymo_train,waymo_0-299,88794,7;ego,11,18,27,AV_1,7;ego,MP
104,waymo_train,waymo_300-499,7312,924;ego,0,0,9,AV_1,ego;924,CP
105,waymo_train,waymo_300-499,1013,3457;ego,9,35,48,AV_1,3457;ego,MP
106,waymo_train,waymo_300-499,3052,572;ego,26,23,50,AV_1,572;ego,MP
107,waymo_train,waymo_300-499,3545,95;ego,0,50,54,AV_1,95;ego,MP
108,waymo_train,waymo_300-499,1698,3222;ego,29,28,58,AV_1,3222;ego,MP
109,waymo_train,waymo_300-499,4263,2;ego,12,25,41,AV_1,2;ego,CP
110,waymo_train,waymo_300-499,6567,862;ego,0,0,4,AV_1,862;ego,MP
111,waymo_train,waymo_300-499,7147,13;ego,0,22,31,AV_1,ego;13,CP
112,waymo_train,waymo_300-499,8791,458;ego,12,10,18,AV_1,458;ego,MP
113,waymo_train,waymo_300-499,10837,403;ego,16,1,29,AV_1,403;ego,MP
114,waymo_train,waymo_300-499,11043,2566;ego,27,14,30,AV_1,2566;ego,MP
115,waymo_train,waymo_300-499,12568,630;ego,11,26,40,AV_1,ego;630,CP
116,waymo_train,waymo_300-499,13381,3104;ego,22,40,61,AV_1,3104;ego,MP
117,waymo_train,waymo_300-499,14368,99;ego,23,26,30,AV_1,99;ego,MP
118,waymo_train,waymo_300-499,15819,1233;ego,0,9,13,AV_1,1233;ego,MP
119,waymo_train,waymo_300-499,17699,1355;ego,8,37,55,AV_1,1355;ego,MP
120,waymo_train,waymo_300-499,18460,1667;ego,0,15,20,AV_1,ego;1667,CP
121,waymo_train,waymo_300-499,24084,1929;1937;ego,4,43,57,AV_1,1937;ego,MP
122,waymo_train,waymo_300-499,28017,1582;ego,2,0,17,AV_1,1582;ego,MP
123,waymo_train,waymo_300-499,29531,38;ego,11,37,51,AV_1,38;ego,MP
124,waymo_train,waymo_300-499,30263,449;ego,0,3,9,AV_1,449;ego,MP
125,waymo_train,waymo_300-499,31872,2421;ego,10,31,45,AV_1,2421;ego,MP
126,waymo_train,waymo_300-499,33029,2509;ego,0,0,6,AV_1,2509;ego,MP
127,waymo_train,waymo_300-499,33167,440;ego,12,9,14,AV_1,440;ego,MP
128,waymo_train,waymo_300-499,33208,22;ego,0,0,9,AV_1,22;ego,CP
129,waymo_train,waymo_300-499,33632,493;ego,17,30,50,AV_1,493;ego,MP
130,waymo_train,waymo_300-499,33825,2034;ego,2,17,27,AV_1,2034;ego,MP
131,waymo_train,waymo_300-499,36430,55;ego,0,0,8,AV_1,55;ego,CP
132,waymo_train,waymo_300-499,36726,1673;ego,26,25,56,AV_1,1673;ego,MP
133,waymo_train,waymo_300-499,37568,819;ego,11,38,51,AV_1,819;ego,MP
134,waymo_train,waymo_300-499,39123,2072;ego,0,0,11,AV_1,2072;ego,MP
135,waymo_train,waymo_300-499,39488,816;ego,7,24,31,AV_1,816;ego,MP
136,waymo_train,waymo_300-499,40777,776;ego,4,22,27,AV_1,776;ego,MP
137,waymo_train,waymo_300-499,42498,874;ego,15,0,25,AV_1,874;ego,MP
138,waymo_train,waymo_300-499,45365,2520;ego,15,7,34,AV_1,2520;ego,MP
139,waymo_train,waymo_300-499,47578,2564;ego,0,17,31,AV_1,2564;ego,MP
140,waymo_train,waymo_300-499,49968,2678;2685;ego,21,7,14,AV_1,2678;ego,MP
141,waymo_train,waymo_300-499,51732,1565;ego,30,30,60,AV_1,1565;ego,MP
142,waymo_train,waymo_300-499,52376,2;ego,24,26,35,AV_1,2;ego,MP
143,waymo_train,waymo_300-499,52525,73;ego,3,6,23,AV_1,ego;73,CP
144,waymo_train,waymo_300-499,52760,1344;1347;ego,25,35,45,AV_1,1347;ego,MP
145,waymo_train,waymo_300-499,53170,1672;ego,8,41,49,AV_1,ego;1672,CP
146,waymo_train,waymo_300-499,53427,1658;ego,1,36,42,AV_1,1658;ego,CP
147,waymo_train,waymo_300-499,53674,426;ego,0,0,9,AV_1,426;ego,MP
148,waymo_train,waymo_300-499,55806,989;ego,24,20,49,AV_1,989;ego,MP
149,waymo_train,waymo_300-499,59323,1856;ego,16,6,27,AV_1,1856;ego,MP
150,waymo_train,waymo_300-499,59768,2678;ego,1,0,16,AV_1,2678;ego,MP
151,waymo_train,waymo_300-499,60782,484;ego,0,5,18,AV_1,484;ego,MP
152,waymo_train,waymo_300-499,60921,1;ego,22,7,32,AV_1,1;ego,MP
153,waymo_train,waymo_300-499,61572,807;ego,19,20,25,AV_1,807;ego,MP
154,waymo_train,waymo_300-499,63117,2357;ego,13,45,60,AV_1,2357;ego,MP
155,waymo_train,waymo_300-499,65037,276;ego,8,22,33,AV_1,276;ego,MP
156,waymo_train,waymo_300-499,65447,17;ego,1,7,16,AV_1,ego;17,CP
157,waymo_train,waymo_300-499,66183,207;ego,17,25,47,AV_1,ego;207,CP
158,waymo_train,waymo_300-499,69948,2078;ego,23,31,57,AV_1,2078;ego,MP
159,waymo_train,waymo_300-499,71193,0;ego,11,13,18,AV_1,0;ego,MP
160,waymo_train,waymo_300-499,72906,1300;ego,2,28,37,AV_1,1300;ego,MP
161,waymo_train,waymo_300-499,74076,229;ego,20,40,77,AV_1,ego;229,MP
162,waymo_train,waymo_300-499,74479,430;ego,21,35,63,AV_1,430;ego,MP
163,waymo_train,waymo_300-499,74600,2;ego,0,8,15,AV_1,2;ego,MP
164,waymo_train,waymo_300-499,74720,1352;ego,0,3,10,AV_1,1352;ego,MP
165,waymo_train,waymo_300-499,75059,136;ego,1,3,21,AV_1,136;ego,MP
166,waymo_train,waymo_300-499,75126,485;ego,0,25,29,AV_1,ego;485,CP
167,waymo_train,waymo_300-499,83000,926;ego,0,0,17,AV_1,926;ego,MP
168,waymo_train,waymo_300-499,84355,399;ego,9,21,32,AV_1,399;ego,CP
169,waymo_train,waymo_300-499,86995,1089;1092;ego,5,0,12,AV_1,1092;ego,MP
170,waymo_train,waymo_300-499,86995,1089;1092;ego,5,0,12,AV_1,1092;ego,MP
171,waymo_train,waymo_300-499,87504,3244;ego,18,36,57,AV_1,3244;ego,MP
172,waymo_train,waymo_300-499,88500,1856;ego,0,0,7,AV_1,1856;ego,MP
173,waymo_train,waymo_300-499,91011,2448;ego,2,0,12,AV_1,2448;ego,MP
174,waymo_train,waymo_300-499,91653,796;ego,22,34,57,AV_1,796;ego,MP
175,waymo_train,waymo_300-499,92088,2308;ego,23,21,48,AV_1,2308;ego,MP
176,waymo_train,waymo_300-499,92724,255;ego,3,54,63,AV_1,255;ego,MP
177,waymo_train,waymo_300-499,96333,1738;ego,15,0,16,AV_1,1738;ego,CP
178,waymo_train,waymo_300-499,97309,1297;ego,11,8,21,AV_1,1297;ego,MP
179,waymo_train,waymo_500-799,21494,4;ego,18,0,28,AV_1,4;ego,MP
180,waymo_train,waymo_500-799,3596,249;ego,12,0,7,AV_1,249;ego,CP
181,waymo_train,waymo_500-799,41283,583;ego,26,34,62,AV_1,583;ego,MP
182,waymo_train,waymo_500-799,44011,728;ego,17,0,18,AV_1,728;ego,CP
183,waymo_train,waymo_500-799,44011,728;741;ego,17,1,13,AV_1,728;ego,CP
184,waymo_train,waymo_500-799,45391,2;ego,22,20,43,AV_1,2;ego,MP
185,waymo_train,waymo_500-799,4842,204;ego,7,0,5,AV_1,ego;204,CP
186,waymo_train,waymo_500-799,61393,3512;ego,13,7,28,AV_1,3512;ego,MP
187,waymo_train,waymo_500-799,73980,1176;ego,0,40,57,AV_1,1176;ego,MP
188,waymo_train,waymo_500-799,81156,207;ego,12,46,50,AV_1,207;ego,MP
189,waymo_train,waymo_500-799,8268,2235;ego,6,45,59,AV_1,2235;ego,MP
190,waymo_train,waymo_500-799,103660,2220;2227;ego,20,30,40,AV_1,2220;ego,MP
191,waymo_train,waymo_500-799,13675,1667;ego,0,15,20,AV_1,ego;1667,CP
192,waymo_train,waymo_500-799,15617,39;ego,28,39,71,AV_1,39;ego,MP
193,waymo_train,waymo_500-799,16609,1814;ego,0,0,11,AV_1,1814;ego,MP
194,waymo_train,waymo_500-799,18275,1279;ego,0,17,27,AV_1,1279;ego,CP
195,waymo_train,waymo_500-799,18960,1576;ego,17,1,24,AV_1,ego;1576,CP
196,waymo_train,waymo_500-799,19138,2116;ego,0,0,7,AV_1,2116;ego,MP
197,waymo_train,waymo_500-799,21827,394;ego,0,0,10,AV_1,394;ego,MP
198,waymo_train,waymo_500-799,22409,757;ego,0,0,5,AV_1,757;ego,MP
199,waymo_train,waymo_500-799,23447,1205;ego,16,36,59,AV_1,1205;ego,MP
200,waymo_train,waymo_500-799,25101,590;ego,0,0,14,AV_1,590;ego,MP
201,waymo_train,waymo_500-799,25331,765;ego,0,21,27,AV_1,765;ego,CP
202,waymo_train,waymo_500-799,81293,1201;ego,0,13,18,AV_1,ego;1201,CP
203,waymo_train,waymo_500-799,81963,1166;ego,31,18,49,AV_1,1166;ego,MP
204,waymo_train,waymo_500-799,82079,603;611;ego,2,40,46,AV_1,611;ego,MP
205,waymo_train,waymo_500-799,30061,627;ego,13,17,31,AV_1,ego;627,CP
206,waymo_train,waymo_500-799,31145,514;ego,17,30,43,AV_1,514;ego,MP
207,waymo_train,waymo_500-799,85831,55;ego,0,0,8,AV_1,55;ego,CP
208,waymo_train,waymo_500-799,32999,458;ego,12,40,48,AV_1,458;ego,MP
209,waymo_train,waymo_500-799,33356,182;ego,31,8,36,AV_1,182;ego,MP
210,waymo_train,waymo_500-799,87038,32;ego,12,0,24,AV_1,32;ego,MP
211,waymo_train,waymo_500-799,34141,3864;ego,25,19,46,AV_1,3864;ego,MP
212,waymo_train,waymo_500-799,87917,1443;ego,9,20,27,AV_1,1443;ego,CP
213,waymo_train,waymo_500-799,35190,2678;ego,0,5,17,AV_1,2678;ego,MP
214,waymo_train,waymo_500-799,3625,56;ego,0,13,21,AV_1,ego;56,CP
215,waymo_train,waymo_500-799,90559,1061;ego,0,0,9,AV_1,1061;ego,MP
216,waymo_train,waymo_500-799,90736,950;ego,16,28,49,AV_1,950;ego,MP
217,waymo_train,waymo_500-799,90874,1393;ego,13,21,27,AV_1,1393;ego,MP
218,waymo_train,waymo_500-799,39025,2139;ego,13,40,67,AV_1,2139;ego,MP
219,waymo_train,waymo_500-799,93026,813;ego,13,36,43,AV_1,ego;813,MP
220,waymo_train,waymo_500-799,93061,2308;ego,23,31,58,AV_1,2308;ego,MP
221,waymo_train,waymo_500-799,4008,3406;ego,15,12,35,AV_1,3406;ego,MP
222,waymo_train,waymo_500-799,95655,2263;ego,0,38,51,AV_1,2263;ego,MP
223,waymo_train,waymo_500-799,42218,1727;ego,2,2,6,AV_1,1727;ego,MP
224,waymo_train,waymo_500-799,96628,368;ego,0,0,14,AV_1,368;ego,MP
225,waymo_train,waymo_500-799,42375,1696;ego,0,1,11,AV_1,1696;ego,MP
226,waymo_train,waymo_500-799,43410,44;ego,6,0,7,AV_1,ego;44,CP
227,waymo_train,waymo_500-799,97969,1118;ego,20,22,44,AV_1,1118;ego,MP
228,waymo_train,waymo_500-799,98656,1095;ego,16,0,28,AV_1,1095;ego,MP
229,waymo_train,waymo_500-799,98967,1500;ego,2,12,18,AV_1,1500;ego,MP
230,waymo_train,waymo_500-799,99151,1849;ego,20,31,56,AV_1,1849;ego,MP
231,waymo_train,waymo_500-799,44676,944;ego,18,0,25,AV_1,944;ego,MP
232,waymo_train,waymo_500-799,100380,2078;ego,14,0,27,AV_1,2078;ego,MP
233,waymo_train,waymo_500-799,100647,876;ego,5,17,31,AV_1,876;ego,MP
234,waymo_train,waymo_500-799,45989,160;ego,18,15,37,AV_1,160;ego,MP
235,waymo_train,waymo_500-799,10116,1648;ego,19,10,24,AV_1,1648;ego,MP
236,waymo_train,waymo_500-799,101640,167;ego,3,24,39,AV_1,ego;167,CP
237,waymo_train,waymo_500-799,4681,1115;ego,0,1,12,AV_1,1115;ego,MP
238,waymo_train,waymo_500-799,47049,434;ego,0,0,5,AV_1,434;ego,MP
239,waymo_train,waymo_500-799,47659,299;ego,0,0,14,AV_1,299;ego,MP
240,waymo_train,waymo_500-799,103293,56;ego,0,53,61,AV_1,ego;56,CP
241,waymo_train,waymo_500-799,48880,2234;ego,20,34,56,AV_1,2234;ego,MP
242,waymo_train,waymo_500-799,48999,7;ego,0,14,24,AV_1,7;ego,MP
243,waymo_train,waymo_500-799,49134,45;ego,0,18,23,AV_1,45;ego,CP
244,waymo_train,waymo_500-799,105075,152;ego,0,0,10,AV_1,152;ego,MP
245,waymo_train,waymo_500-799,50425,1865;ego,0,19,32,AV_1,ego;1865,CP
246,waymo_train,waymo_500-799,108045,575;ego,18,1,30,AV_1,575;ego,MP
247,waymo_train,waymo_500-799,52705,2369;ego,9,0,26,AV_1,2369;ego,MP
248,waymo_train,waymo_500-799,108505,701;ego,14,0,20,AV_1,701;ego,MP
249,waymo_train,waymo_500-799,108531,985;ego,0,0,23,AV_1,985;ego,MP
250,waymo_train,waymo_500-799,53939,614;ego,2,0,5,AV_1,614;ego,MP
251,waymo_train,waymo_500-799,110116,566;ego,28,29,51,AV_1,566;ego,MP
252,waymo_train,waymo_500-799,110129,13;ego,0,12,21,AV_1,ego;13,CP
253,waymo_train,waymo_500-799,55071,2657;ego,30,26,56,AV_1,2657;ego,MP
254,waymo_train,waymo_500-799,111316,2204;ego,0,0,10,AV_1,2204;ego,MP
255,waymo_train,waymo_500-799,55659,1117;ego,10,9,19,AV_1,1117;ego,CP
256,waymo_train,waymo_500-799,111778,1482;ego,24,16,26,AV_1,1482;ego,CP
257,waymo_train,waymo_500-799,111877,728;741;ego,21,21,33,AV_1,728;ego,CP
258,waymo_train,waymo_500-799,111877,728;ego,28,14,38,AV_1,728;ego,CP
259,waymo_train,waymo_500-799,56155,1870;ego,0,35,40,AV_1,ego;1870,CP
260,waymo_train,waymo_500-799,114024,924;ego,0,0,9,AV_1,ego;924,CP
261,waymo_train,waymo_500-799,58408,17;ego,1,7,16,AV_1,ego;17,CP
262,waymo_train,waymo_500-799,60002,630;ego,11,26,40,AV_1,ego;630,CP
263,waymo_train,waymo_500-799,116482,207;ego,17,25,47,AV_1,ego;207,CP
264,waymo_train,waymo_500-799,116522,165;ego,2,32,45,AV_1,165;ego,CP
265,waymo_train,waymo_500-799,117440,458;484;488;ego,0,25,36,AV_1,488;ego,MP
266,waymo_train,waymo_500-799,117669,594;ego,0,4,30,AV_1,594;ego,MP
267,waymo_train,waymo_500-799,120131,229;ego,0,10,14,AV_1,ego;229,MP
268,waymo_train,waymo_500-799,121939,3025;ego,0,17,26,AV_1,3025;ego,MP
269,waymo_train,waymo_500-799,122520,2045;ego,0,11,34,AV_1,2045;ego,MP
270,waymo_train,waymo_500-799,67484,2431;ego,0,0,10,AV_1,2431;ego,MP
271,waymo_train,waymo_500-799,67714,393;ego,0,20,26,AV_1,393;ego,CP
272,waymo_train,waymo_500-799,125369,76;ego,0,0,6,AV_1,76;ego,MP
273,waymo_train,waymo_500-799,125917,1209;ego,0,40,70,AV_1,1209;ego,MP
274,waymo_train,waymo_500-799,126426,2447;ego,0,25,55,AV_1,2447;ego,MP
275,waymo_train,waymo_500-799,69345,2;ego,0,41,64,AV_1,2;ego,MP
276,waymo_train,waymo_500-799,127225,1761;ego,0,12,17,AV_1,ego;1761,MP
277,waymo_train,waymo_500-799,127876,2317;ego,0,16,50,AV_1,2317;ego,MP
278,waymo_train,waymo_500-799,128469,1090;ego,0,31,51,AV_1,1090;ego,MP
279,waymo_train,waymo_500-799,129137,2118;ego,0,4,12,AV_1,2118;ego,MP
280,waymo_train,waymo_500-799,129284,3148;ego,8,9,17,AV_1,3148;ego,CP
281,waymo_train,waymo_500-799,72683,1117;ego,10,19,29,AV_1,1117;ego,CP
282,waymo_train,waymo_500-799,74699,875;ego,0,2,20,AV_1,875;ego,MP
283,waymo_train,waymo_500-799,75378,535;ego,0,21,27,AV_1,535;ego,MP
284,waymo_train,waymo_500-799,75992,1071;ego,20,20,28,AV_1,1071;ego,CP
285,waymo_train,waymo_500-799,77754,1865;ego,0,29,42,AV_1,ego;1865,CP
286,waymo_train,waymo_800-999,10004,1739;ego,7,0,9,AV_1,1739;ego,MP
287,waymo_train,waymo_800-999,58606,505;ego,0,41,56,AV_1,505;ego,MP
288,waymo_train,waymo_800-999,11634,863;ego,0,28,54,AV_1,863;ego,MP
289,waymo_train,waymo_800-999,19020,1188;ego,10,16,23,AV_1,1188;ego,CP
290,waymo_train,waymo_800-999,3090,630;ego,11,16,30,AV_1,ego;630,CP
291,waymo_train,waymo_800-999,44194,1876;ego,0,32,48,AV_1,1876;ego,MP
292,waymo_train,waymo_800-999,67181,3148;ego,8,19,27,AV_1,3148;ego,CP
293,waymo_train,waymo_800-999,74431,2664;ego,0,0,17,AV_1,2664;ego,MP
294,waymo_train,waymo_800-999,14755,1964;ego,0,46,55,AV_1,1964;ego,MP
295,waymo_train,waymo_800-999,15636,1854;ego,0,0,20,AV_1,1854;ego,MP
296,waymo_train,waymo_800-999,15957,539;545;ego,0,20,31,AV_1,545;ego,MP
297,waymo_train,waymo_800-999,17401,707;ego,0,58,64,AV_1,707;ego,MP
298,waymo_train,waymo_800-999,18817,1953;ego,0,37,62,AV_1,1953;ego,MP
299,waymo_train,waymo_800-999,19193,3666;ego,0,37,71,AV_1,3666;ego,MP
300,waymo_train,waymo_800-999,19973,1739;ego,19,28,39,AV_1,1739;ego,MP
301,waymo_train,waymo_800-999,20273,675;ego,0,0,12,AV_1,675;ego,MP
302,waymo_train,waymo_800-999,21198,13;ego,0,32,41,AV_1,ego;13,CP
303,waymo_train,waymo_800-999,21470,167;ego,3,24,39,AV_1,ego;167,CP
304,waymo_train,waymo_800-999,2496,989;ego,0,0,29,AV_1,989;ego,MP
305,waymo_train,waymo_800-999,27572,1844;ego,0,39,70,AV_1,1844;ego,MP
306,waymo_train,waymo_800-999,29090,1633;ego,0,5,11,AV_1,1633;ego,MP
307,waymo_train,waymo_800-999,29641,1865;ego,0,9,22,AV_1,ego;1865,CP
308,waymo_train,waymo_800-999,30244,1865;ego,0,19,32,AV_1,ego;1865,CP
309,waymo_train,waymo_800-999,3097,1338;ego,18,40,48,AV_1,1338;ego,MP
310,waymo_train,waymo_800-999,31256,714;ego,0,1,29,AV_1,714;ego,MP
311,waymo_train,waymo_800-999,33263,1188;ego,10,6,13,AV_1,1188;ego,CP
312,waymo_train,waymo_800-999,35610,2074;ego,0,0,6,AV_1,2074;ego,MP
313,waymo_train,waymo_800-999,36868,167;ego,3,14,29,AV_1,ego;167,CP
314,waymo_train,waymo_800-999,36957,1720;ego,0,44,55,AV_1,1720;ego,MP
315,waymo_train,waymo_800-999,37453,1267;ego,0,9,22,AV_1,ego;1267,CP
316,waymo_train,waymo_800-999,37919,3074;ego,0,7,12,AV_1,3074;ego,MP
317,waymo_train,waymo_800-999,38368,924;ego,13,13,39,AV_1,ego;924,CP
318,waymo_train,waymo_800-999,39710,362;ego,0,26,45,AV_1,362;ego,MP
319,waymo_train,waymo_800-999,39892,506;ego,18,3,25,AV_1,506;ego,MP
320,waymo_train,waymo_800-999,42800,1806;ego,0,0,14,AV_1,1806;ego,MP
321,waymo_train,waymo_800-999,44941,190;191;194;ego,0,26,31,AV_1,190;ego,MP
322,waymo_train,waymo_800-999,45999,2;ego,0,6,15,AV_1,2;ego,MP
323,waymo_train,waymo_800-999,46199,380;ego,0,18,27,AV_1,ego;380,CP
324,waymo_train,waymo_800-999,48968,1946;ego,0,41,68,AV_1,1946;ego,MP
325,waymo_train,waymo_800-999,50982,362;ego,0,6,25,AV_1,362;ego,MP
326,waymo_train,waymo_800-999,52482,73;ego,3,26,43,AV_1,ego;73,CP
327,waymo_train,waymo_800-999,52834,2317;ego,0,16,50,AV_1,2317;ego,MP
328,waymo_train,waymo_800-999,54849,123;ego,5,0,7,AV_1,123;ego,MP
329,waymo_train,waymo_800-999,55754,393;ego,0,30,36,AV_1,393;ego,CP
330,waymo_train,waymo_800-999,55930,2566;ego,17,34,50,AV_1,2566;ego,CP
331,waymo_train,waymo_800-999,56132,336;ego,0,39,51,AV_1,336;ego,MP
332,waymo_train,waymo_800-999,56439,2882;ego,0,3,26,AV_1,2882;ego,MP
333,waymo_train,waymo_800-999,63019,41;ego,2,0,10,AV_1,41;ego,CP
334,waymo_train,waymo_800-999,63129,1885;ego,0,32,59,AV_1,1885;ego,MP
335,waymo_train,waymo_800-999,64788,1188;ego,10,26,33,AV_1,1188;ego,CP
336,waymo_train,waymo_800-999,64985,1488;ego,0,24,29,AV_1,1488;ego,MP
337,waymo_train,waymo_800-999,68940,1041;ego,0,0,11,AV_1,1041;ego,MP
338,waymo_train,waymo_800-999,6992,1985;ego,0,19,37,AV_1,1985;ego,MP
339,waymo_train,waymo_800-999,74752,2980;ego,0,40,57,AV_1,2980;ego,MP
340,waymo_train,waymo_800-999,76519,3668;ego,28,37,59,AV_1,3668;ego,MP
341,waymo_train,waymo_800-999,77058,1998;2003;ego,0,34,45,AV_1,2003;ego,MP
342,waymo_train,waymo_800-999,78767,559;ego,0,0,18,AV_1,559;ego,MP
343,waymo_train,waymo_800-999,80860,42;ego,16,0,5,AV_1,42;ego,CP
344,waymo_train,waymo_800-999,80860,44;ego,16,15,27,AV_1,ego;44,CP
345,waymo_train,waymo_800-999,80956,207;ego,17,15,37,AV_1,ego;207,CP
346,waymo_train,waymo_800-999,81821,2;ego,12,15,31,AV_1,2;ego,CP
347,waymo_train,waymo_800-999,83516,1513;ego,0,0,7,AV_1,1513;ego,MP
348,waymo_train,waymo_800-999,8356,262;ego,0,51,55,AV_1,262;ego,MP
349,waymo_train,waymo_800-999,83877,1447;ego,0,26,53,AV_1,1447;ego,MP
350,waymo_train,waymo_800-999,84559,45;ego,0,28,33,AV_1,45;ego,CP
351,waymo_train,waymo_800-999,85208,1089;1092;ego,0,17,32,AV_1,1092;ego,MP
352,waymo_train,waymo_800-999,87562,779;ego,0,22,40,AV_1,779;ego,MP
353,waymo_train,waymo_800-999,8818,18;ego,0,0,7,AV_1,18;ego,CP
354,waymo_train,waymo_800-999,89545,822;ego,0,34,38,AV_1,822;ego,MP
355,waymo_train,waymo_800-999,90938,807;ego,0,40,45,AV_1,807;ego,MP
356,waymo_train,waymo_800-999,90978,765;ego,0,31,37,AV_1,765;ego,CP
357,waymo_train,waymo_800-999,91684,2114;2116;ego,0,2,12,AV_1,2114;ego,MP
358,waymo_train,waymo_800-999,91795,1;ego,0,26,40,AV_1,1;ego,MP
359,waymo_train,waymo_800-999,92804,43;ego,0,24,48,AV_1,43;ego,MP
360,waymo_train,waymo_800-999,9355,1741;ego,0,11,35,AV_1,1741;ego,MP
361,waymo_train,waymo_800-999,96225,1644;ego,0,0,9,AV_1,1644;ego,MP
362,waymo_train,waymo_800-999,96693,1741;ego,0,31,55,AV_1,1741;ego,MP
363,waymo_train,waymo_800-999,96826,926;ego,0,21,37,AV_1,926;ego,MP
364,waymo_train,waymo_0-299,17189,447;465,0,13,17,AV_2,447;465,CP
365,waymo_train,waymo_0-299,21978,1744;1750;1760,0,4,11,AV_2,1760;1744,CP
366,waymo_train,waymo_0-299,32586,1526;1527,0,11,19,AV_2,1527;1526,CP
367,waymo_train,waymo_0-299,4369,363;365,11,3,12,AV_2,365;363,CP
368,waymo_train,waymo_0-299,43847,2281;2295,0,21,28,AV_2,2295;2281,CP
369,waymo_train,waymo_0-299,54799,1547;1551,12,4,31,AV_2,1551;1547,CP
370,waymo_train,waymo_0-299,59366,14;47,4,24,41,AV_2,14;47,CP
371,waymo_train,waymo_0-299,66662,1347;1466,0,20,24,AV_2,1466;1347,CP
372,waymo_train,waymo_0-299,94928,408;452,2,27,31,AV_2,452;408,CP
373,waymo_train,waymo_0-299,98721,1036;1055,0,0,6,AV_2,1036;1055,CP
374,waymo_train,waymo_0-299,99205,1412;1425,2,40,44,AV_2,1425;1412,CP
375,waymo_train,waymo_0-299,117512,593;611,1,8,13,AV_2,593;611,CP
376,waymo_train,waymo_0-299,16586,837;839;847,0,2,9,AV_2,837;839,CP
377,waymo_train,waymo_0-299,16155,12;5,14,19,23,AV_2,5;12,CP
378,waymo_train,waymo_0-299,17214,934;970,0,24,36,AV_2,934;970,CP
379,waymo_train,waymo_0-299,17846,218;233,9,37,48,AV_2,233;218,CP
380,waymo_train,waymo_0-299,19226,133;178,0,8,18,AV_2,178;133,CP
381,waymo_train,waymo_0-299,23576,46;5,0,21,26,AV_2,5;46,CP
382,waymo_train,waymo_0-299,24037,1082;1084,15,5,10,AV_2,1082;1084,CP
383,waymo_train,waymo_0-299,28202,1025;1056,9,2,8,AV_2,1025;1056,CP
384,waymo_train,waymo_0-299,29741,925;952,0,25,29,AV_2,925;952,CP
385,waymo_train,waymo_0-299,31557,1314;1323,6,38,43,AV_2,1314;1323,CP
386,waymo_train,waymo_0-299,32558,512;513,0,41,57,AV_2,513;512,CP
387,waymo_train,waymo_0-299,94289,115;129;164,20,4,24,AV_2,115;129,CP
388,waymo_train,waymo_0-299,34865,19;4,0,0,4,AV_2,4;19,CP
389,waymo_train,waymo_0-299,96292,2691;2697,20,34,48,AV_2,2691;2697,CP
390,waymo_train,waymo_0-299,36173,512;513,0,1,17,AV_2,513;512,CP
391,waymo_train,waymo_0-299,99490,26;53,17,18,27,AV_2,26;53,CP
392,waymo_train,waymo_0-299,100998,973;992,8,6,11,AV_2,973;992,CP
393,waymo_train,waymo_0-299,40441,1025;1051,8,50,59,AV_2,1025;1051,CP
394,waymo_train,waymo_0-299,40648,1165;1177,0,18,31,AV_2,1165;1177,CP
395,waymo_train,waymo_0-299,40803,2368;2415,0,3,8,AV_2,2368;2415,CP
396,waymo_train,waymo_0-299,102474,599;612,0,23,27,AV_2,599;612,CP
397,waymo_train,waymo_0-299,41328,265;267,21,8,18,AV_2,265;267,CP
398,waymo_train,waymo_0-299,102881,942;957,0,2,14,AV_2,957;942,CP
399,waymo_train,waymo_0-299,41618,973;978,6,40,48,AV_2,973;978,CP
400,waymo_train,waymo_0-299,103593,1252;1274,0,15,19,AV_2,1252;1274,CP
401,waymo_train,waymo_0-299,44369,1578;1656,0,39,43,AV_2,1578;1656,CP
402,waymo_train,waymo_0-299,106682,4;45;6,3,53,59,AV_2,6;4,CP
403,waymo_train,waymo_0-299,1092,458;480,0,39,46,AV_2,480;458,CP
404,waymo_train,waymo_0-299,109592,2281;2295,0,41,48,AV_2,2295;2281,CP
405,waymo_train,waymo_0-299,1100,209;248,5,3,24,AV_2,209;248,CP
406,waymo_train,waymo_0-299,1100,209;224;248,0,12,22,AV_2,209;248,CP
407,waymo_train,waymo_0-299,51255,541;608,4,15,32,AV_2,541;608,CP
408,waymo_train,waymo_0-299,52810,1347;1466,0,30,34,AV_2,1466;1347,CP
409,waymo_train,waymo_0-299,115241,1196;1199,0,57,63,AV_2,1196;1199,CP
410,waymo_train,waymo_0-299,1154,3099;3139,7,42,46,AV_2,3139;3099,CP
411,waymo_train,waymo_0-299,11588,541;578,8,9,29,AV_2,578;541,CP
412,waymo_train,waymo_0-299,117048,3;58,0,11,19,AV_2,3;58,CP
413,waymo_train,waymo_0-299,54501,526;543,0,5,17,AV_2,543;526,CP
414,waymo_train,waymo_0-299,54878,973;992,8,16,21,AV_2,973;992,CP
415,waymo_train,waymo_0-299,118963,1755;1762,27,5,30,AV_2,1755;1762,CP
416,waymo_train,waymo_0-299,120183,1493;1539,0,22,27,AV_2,1493;1539,CP
417,waymo_train,waymo_0-299,123325,3200;3206,0,3,28,AV_2,3200;3206,CP
418,waymo_train,waymo_0-299,60405,1307;1318,0,13,17,AV_2,1318;1307,CP
419,waymo_train,waymo_0-299,126746,1700;1726,0,43,49,AV_2,1700;1726,CP
420,waymo_train,waymo_0-299,63553,11;8,0,30,37,AV_2,8;11,CP
421,waymo_train,waymo_0-299,63992,180;224,32,11,44,AV_2,180;224,CP
422,waymo_train,waymo_0-299,130362,403;412,16,38,44,AV_2,403;412,CP
423,waymo_train,waymo_0-299,6694,734;735,3,0,9,AV_2,734;735,CP
424,waymo_train,waymo_0-299,131432,1193;1216,10,16,28,AV_2,1216;1193,CP
425,waymo_train,waymo_0-299,132289,526;543,0,0,7,AV_2,543;526,CP
426,waymo_train,waymo_0-299,69889,21;31;33,15,7,13,AV_2,21;31,CP
427,waymo_train,waymo_0-299,135673,3116;3120;3160,0,31,39,AV_2,3116;3120,CP
428,waymo_train,waymo_0-299,136403,780;782,0,0,14,AV_2,780;782,CP
429,waymo_train,waymo_0-299,136449,180;224;310,11,22,31,AV_2,180;224,CP
430,waymo_train,waymo_0-299,138131,1465;1515,0,39,48,AV_2,1515;1465,CP
431,waymo_train,waymo_0-299,138876,1679;1697;1707,0,1,6,AV_2,1679;1707,CP
432,waymo_train,waymo_0-299,74373,1578;1656,0,29,33,AV_2,1578;1656,CP
433,waymo_train,waymo_0-299,74965,840;851;867,0,3,8,AV_2,840;867,CP
434,waymo_train,waymo_0-299,141852,1034;1037,29,0,34,AV_2,1034;1037,CP
435,waymo_train,waymo_0-299,143484,1346;1443,0,40,51,AV_2,1346;1443,CP
436,waymo_train,waymo_0-299,79897,1016;977,18,6,17,AV_2,977;1016,CP
437,waymo_train,waymo_0-299,80590,780;782,9,32,54,AV_2,780;782,CP
438,waymo_train,waymo_0-299,85485,541;578,8,39,59,AV_2,578;541,CP
439,waymo_train,waymo_0-299,86303,2111;2261,5,55,63,AV_2,2261;2111,CP
440,waymo_train,waymo_0-299,87960,447;465,0,33,37,AV_2,447;465,CP
441,waymo_train,waymo_300-499,59,3116;3120;3160,0,41,49,AV_2,3116;3120,CP
442,waymo_train,waymo_300-499,6872,1;13;22,0,7,25,AV_2,22;1,CP
443,waymo_train,waymo_300-499,6872,1;22,0,6,58,AV_2,22;1,CP
444,waymo_train,waymo_300-499,9780,438;442,11,27,41,AV_2,442;438,CP
445,waymo_train,waymo_300-499,10601,481;582,0,55,61,AV_2,481;582,CP
446,waymo_train,waymo_300-499,11637,400;401,7,67,75,AV_2,401;400,CP
447,waymo_train,waymo_300-499,16574,3019;3027,5,0,6,AV_2,3019;3027,CP
448,waymo_train,waymo_300-499,20119,11;8,0,20,27,AV_2,8;11,CP
449,waymo_train,waymo_300-499,20422,77;83,18,13,23,AV_2,77;83,CP
450,waymo_train,waymo_300-499,23099,14;16;29,4,10,18,AV_2,16;29,CP
451,waymo_train,waymo_300-499,23949,1108;1137,16,25,34,AV_2,1108;1137,CP
452,waymo_train,waymo_300-499,29440,183;226,3,33,56,AV_2,183;226,CP
453,waymo_train,waymo_300-499,33152,843;906,0,6,19,AV_2,843;906,CP
454,waymo_train,waymo_300-499,33517,1902;1907,0,35,42,AV_2,1902;1907,CP
455,waymo_train,waymo_300-499,37470,447;463,8,49,57,AV_2,463;447,CP
456,waymo_train,waymo_300-499,41773,2123;2144,9,0,17,AV_2,2123;2144,CP
457,waymo_train,waymo_300-499,42669,1375;1408,0,20,31,AV_2,1408;1375,CP
458,waymo_train,waymo_300-499,44350,354;383,21,29,43,AV_2,354;383,CP
459,waymo_train,waymo_300-499,46011,528;545,15,3,20,AV_2,528;545,CP
460,waymo_train,waymo_300-499,48698,3136;3146,0,50,76,AV_2,3136;3146,CP
461,waymo_train,waymo_300-499,49876,136;191,0,0,8,AV_2,191;136,CP
462,waymo_train,waymo_300-499,52349,0;43,3,3,7,AV_2,43;0,CP
463,waymo_train,waymo_300-499,52539,32;5,0,42,46,AV_2,32;5,CP
464,waymo_train,waymo_300-499,53112,1314;1323,6,8,13,AV_2,1314;1323,CP
465,waymo_train,waymo_300-499,53973,2267;2270,0,49,57,AV_2,2267;2270,CP
466,waymo_train,waymo_300-499,59151,964;979,13,31,52,AV_2,964;979,CP
467,waymo_train,waymo_300-499,59833,658;671,0,1,15,AV_2,658;671,CP
468,waymo_train,waymo_300-499,60083,1679;1697;1707,0,41,46,AV_2,1679;1707,CP
469,waymo_train,waymo_300-499,65013,1744;1750;1760,0,24,31,AV_2,1760;1744,CP
470,waymo_train,waymo_300-499,65179,1402;1442,0,13,30,AV_2,1442;1402,CP
471,waymo_train,waymo_300-499,65531,20;22,20,34,47,AV_2,20;22,CP
472,waymo_train,waymo_300-499,66067,780;782,9,12,34,AV_2,780;782,CP
473,waymo_train,waymo_300-499,69844,263;266,20,23,36,AV_2,266;263,CP
474,waymo_train,waymo_300-499,71482,13;33;7;8,0,0,8,AV_2,13;7,CP
475,waymo_train,waymo_300-499,72138,663;700,0,24,31,AV_2,700;663,CP
476,waymo_train,waymo_300-499,72816,3;58,0,51,60,AV_2,3;58,CP
477,waymo_train,waymo_300-499,75225,175;192,22,11,32,AV_2,175;192,CP
478,waymo_train,waymo_300-499,77559,1547;1551,0,0,11,AV_2,1551;1547,CP
479,waymo_train,waymo_300-499,84031,2305;2307,0,26,37,AV_2,2305;2307,CP
480,waymo_train,waymo_300-499,88727,121;98,0,48,58,AV_2,98;121,CP
481,waymo_train,waymo_300-499,88914,471;484;485,1,30,36,AV_2,484;471,CP
482,waymo_train,waymo_300-499,90981,1489;1494,3,35,39,AV_2,1494;1489,CP
483,waymo_train,waymo_300-499,95944,681;684,8,36,47,AV_2,684;681,CP
484,waymo_train,waymo_500-799,119513,314;319,2,14,18,AV_2,319;314,CP
485,waymo_train,waymo_500-799,52425,645;651,11,39,43,AV_2,645;651,CP
486,waymo_train,waymo_500-799,79016,1430;1493,6,24,34,AV_2,1493;1430,CP
487,waymo_train,waymo_500-799,109983,2249;2252,0,46,63,AV_2,2252;2249,CP
488,waymo_train,waymo_500-799,128074,354;365,14,31,42,AV_2,365;354,CP
489,waymo_train,waymo_500-799,14665,1467;1628,0,13,17,AV_2,1467;1628,CP
490,waymo_train,waymo_500-799,15513,663;669,17,32,53,AV_2,669;663,CP
491,waymo_train,waymo_500-799,15538,511;571,0,1,15,AV_2,511;571,CP
492,waymo_train,waymo_500-799,21338,405;460,14,40,45,AV_2,405;460,CP
493,waymo_train,waymo_500-799,27135,191;194,21,37,57,AV_2,194;191,CP
494,waymo_train,waymo_500-799,82573,1578;1579;1580,18,12,16,AV_2,1579;1580,CP
495,waymo_train,waymo_500-799,86227,2735;2775,12,18,35,AV_2,2735;2775,CP
496,waymo_train,waymo_500-799,86441,1285;1315,0,25,29,AV_2,1285;1315,CP
497,waymo_train,waymo_500-799,33421,942;957,0,2,14,AV_2,957;942,CP
498,waymo_train,waymo_500-799,87109,183;226,3,13,36,AV_2,183;226,CP
499,waymo_train,waymo_500-799,35901,231;398,10,21,26,AV_2,231;398,CP
500,waymo_train,waymo_500-799,36814,1231;1235,0,13,18,AV_2,1231;1235,CP
501,waymo_train,waymo_500-799,91640,512;513,0,1,17,AV_2,513;512,CP
502,waymo_train,waymo_500-799,37980,1025;1051,8,30,39,AV_2,1025;1051,CP
503,waymo_train,waymo_500-799,92237,488;505,0,26,31,AV_2,488;505,CP
504,waymo_train,waymo_500-799,3864,3136;3146,0,50,76,AV_2,3136;3146,CP
505,waymo_train,waymo_500-799,40698,1193;1216,10,26,38,AV_2,1216;1193,CP
506,waymo_train,waymo_500-799,94869,661;702,0,30,37,AV_2,702;661,CP
507,waymo_train,waymo_500-799,42054,400;401,7,67,75,AV_2,401;400,CP
508,waymo_train,waymo_500-799,42785,400;401,15,17,26,AV_2,400;401,CP
509,waymo_train,waymo_500-799,43436,782;790,12,0,5,AV_2,782;790,CP
510,waymo_train,waymo_500-799,43842,964;979,13,41,62,AV_2,964;979,CP
511,waymo_train,waymo_500-799,99907,1016;977,18,46,57,AV_2,977;1016,CP
512,waymo_train,waymo_500-799,102163,1891;1897,6,33,37,AV_2,1897;1891,CP
513,waymo_train,waymo_500-799,47897,658;671,0,31,45,AV_2,658;671,CP
514,waymo_train,waymo_500-799,105132,1417;1418,3,12,19,AV_2,1417;1418,CP
515,waymo_train,waymo_500-799,107906,2;7,0,4,13,AV_2,7;2,CP
516,waymo_train,waymo_500-799,52891,231;398,10,41,46,AV_2,231;398,CP
517,waymo_train,waymo_500-799,109160,2305;2307,0,36,47,AV_2,2305;2307,CP
518,waymo_train,waymo_500-799,114000,3099;3139,7,42,46,AV_2,3139;3099,CP
519,waymo_train,waymo_500-799,117398,2;7,0,24,33,AV_2,7;2,CP
520,waymo_train,waymo_500-799,117413,658;671,0,11,25,AV_2,658;671,CP
521,waymo_train,waymo_500-799,118254,541;578,8,9,29,AV_2,578;541,CP
522,waymo_train,waymo_500-799,62138,68;72,10,20,30,AV_2,72;68,CP
523,waymo_train,waymo_500-799,6226,934;970,0,24,36,AV_2,934;970,CP
524,waymo_train,waymo_500-799,119020,16;6,0,40,56,AV_2,16;6,CP
525,waymo_train,waymo_500-799,120512,534;536,9,0,10,AV_2,534;536,CP
526,waymo_train,waymo_500-799,121940,646;648,0,69,74,AV_2,646;648,CP
527,waymo_train,waymo_500-799,122050,320;321;332,0,3,11,AV_2,321;332,CP
528,waymo_train,waymo_500-799,123578,115;129;164,20,4,24,AV_2,115;129,CP
529,waymo_train,waymo_500-799,67331,458;480,0,39,46,AV_2,480;458,CP
530,waymo_train,waymo_500-799,125079,840;851,11,2,7,AV_2,840;851,CP
531,waymo_train,waymo_500-799,70370,1196;1199,0,57,63,AV_2,1196;1199,CP
532,waymo_train,waymo_500-799,73379,1282;1283,2,14,18,AV_2,1282;1283,CP
533,waymo_train,waymo_500-799,73918,613;655,0,8,14,AV_2,613;655,CP
534,waymo_train,waymo_500-799,74419,1758;1792,10,7,20,AV_2,1792;1758,CP
535,waymo_train,waymo_500-799,7650,2276;2288,4,36,43,AV_2,2276;2288,CP
536,waymo_train,waymo_500-799,7713,2281;2295,0,21,28,AV_2,2295;2281,CP
537,waymo_train,waymo_500-799,77805,1669;1787;1803,27,26,34,AV_2,1669;1787,CP
538,waymo_train,waymo_500-799,78018,1025;1051,8,50,59,AV_2,1025;1051,CP
539,waymo_train,waymo_800-999,35634,1412;1425,2,20,24,AV_2,1425;1412,CP
540,waymo_train,waymo_800-999,45540,794;801,15,1,16,AV_2,794;801,CP
541,waymo_train,waymo_800-999,45540,801;808,8,21,27,AV_2,801;808,CP
542,waymo_train,waymo_800-999,89821,1718;1722,7,0,5,AV_2,1718;1722,CP
543,waymo_train,waymo_800-999,10904,1447;1448,13,23,29,AV_2,1447;1448,CP
544,waymo_train,waymo_800-999,11567,779;789,8,1,20,AV_2,789;779,CP
545,waymo_train,waymo_800-999,2224,1314;1323,6,18,23,AV_2,1314;1323,CP
546,waymo_train,waymo_800-999,26168,491;512,6,18,24,AV_2,491;512,CP
547,waymo_train,waymo_800-999,26301,2276;2288,4,16,23,AV_2,2276;2288,CP
548,waymo_train,waymo_800-999,43498,304;317,0,0,5,AV_2,304;317,CP
549,waymo_train,waymo_800-999,4446,541;608,4,35,52,AV_2,541;608,CP
550,waymo_train,waymo_800-999,44786,3136;3146,0,0,16,AV_2,3136;3146,CP
551,waymo_train,waymo_800-999,47705,1310;1313,20,8,22,AV_2,1310;1313,CP
552,waymo_train,waymo_800-999,49564,526;543,0,15,27,AV_2,543;526,CP
553,waymo_train,waymo_800-999,55015,258;280,0,37,49,AV_2,258;280,CP
554,waymo_train,waymo_800-999,56068,218;233,1,0,8,AV_2,233;218,CP
555,waymo_train,waymo_800-999,57920,151;152,22,4,19,AV_2,151;152,CP
556,waymo_train,waymo_800-999,59997,925;952,0,5,9,AV_2,925;952,CP
557,waymo_train,waymo_800-999,63488,787;830,0,37,47,AV_2,830;787,CP
558,waymo_train,waymo_800-999,63699,1214;1220,15,20,27,AV_2,1220;1214,CP
559,waymo_train,waymo_800-999,63921,892;961,9,49,55,AV_2,961;892,CP
560,waymo_train,waymo_800-999,64975,12;5,14,9,13,AV_2,5;12,CP
561,waymo_train,waymo_800-999,65486,1430;1493,6,24,34,AV_2,1493;1430,CP
562,waymo_train,waymo_800-999,70626,889;925,2,21,25,AV_2,925;889,CP
563,waymo_train,waymo_800-999,74743,2106;2108,8,10,14,AV_2,2108;2106,CP
564,waymo_train,waymo_800-999,79653,681;713,0,52,56,AV_2,681;713,CP
565,waymo_train,waymo_800-999,8064,14;47,4,14,31,AV_2,14;47,CP
566,waymo_train,waymo_800-999,82258,1;22,0,4,38,AV_2,22;1,CP
567,waymo_train,waymo_800-999,82258,1;13;22,0,1,5,AV_2,22;1,CP
568,waymo_train,waymo_800-999,87468,3;58,0,41,50,AV_2,3;58,CP
569,waymo_train,waymo_800-999,87652,151;152,23,14,29,AV_2,151;152,CP
570,waymo_train,waymo_800-999,88919,183;226,3,13,36,AV_2,183;226,CP
571,waymo_train,waymo_800-999,89194,919;982,0,22,26,AV_2,982;919,CP
572,waymo_train,waymo_800-999,90448,3136;3146,0,40,66,AV_2,3136;3146,CP
573,waymo_train,waymo_0-299,36865,857;869,0,0,9,AV_2,857;869,MP
574,waymo_train,waymo_0-299,43040,648;652,0,0,14,AV_2,648;652,MP
575,waymo_train,waymo_0-299,572,1983;1987,0,3,8,AV_2,1983;1987,MP
576,waymo_train,waymo_0-299,85413,1473;1484,0,0,25,AV_2,1473;1484,MP
577,waymo_train,waymo_0-299,114790,47;49,0,4,19,AV_2,49;47,MP
578,waymo_train,waymo_0-299,17028,1451;1452;1463,0,2,10,AV_2,1452;1451,MP
579,waymo_train,waymo_0-299,3052,587;601,0,24,35,AV_2,587;601,MP
580,waymo_train,waymo_0-299,90959,483;497,0,2,26,AV_2,483;497,MP
581,waymo_train,waymo_0-299,30645,2037;2049,0,19,32,AV_2,2037;2049,MP
582,waymo_train,waymo_0-299,91488,187;201,0,1,16,AV_2,187;201,MP
583,waymo_train,waymo_0-299,31290,1236;1259,0,38,42,AV_2,1236;1259,MP
584,waymo_train,waymo_0-299,31963,1051;1055;1064,0,7,20,AV_2,1051;1055,MP
585,waymo_train,waymo_0-299,33927,157;159,0,2,10,AV_2,157;159,MP
586,waymo_train,waymo_0-299,34080,14;33,0,10,25,AV_2,14;33,MP
587,waymo_train,waymo_0-299,35696,10;12;7,0,24,32,AV_2,12;10,MP
588,waymo_train,waymo_0-299,96647,877;890,0,0,7,AV_2,877;890,MP
589,waymo_train,waymo_0-299,37626,1243;1323,0,4,17,AV_2,1243;1323,MP
590,waymo_train,waymo_0-299,3773,2448;2449,0,0,17,AV_2,2448;2449,MP
591,waymo_train,waymo_0-299,98965,141;91,0,20,25,AV_2,91;141,MP
592,waymo_train,waymo_0-299,38875,1766;1768,0,0,69,AV_2,1768;1766,MP
593,waymo_train,waymo_0-299,137037,22;3,0,18,29,AV_2,3;22,MP
594,waymo_train,waymo_0-299,7292,403;409,0,2,10,AV_2,403;409,MP
595,waymo_train,waymo_0-299,73818,1877;1885,0,35,41,AV_2,1877;1885,MP
596,waymo_train,waymo_300-499,30753,137;162,0,0,9,AV_2,137;162,MP
597,waymo_train,waymo_300-499,31058,1066;1070,0,23,43,AV_2,1066;1070,MP
598,waymo_train,waymo_300-499,36764,775;779,0,36,57,AV_2,775;779,MP
599,waymo_train,waymo_300-499,37687,46;55;62,0,46,53,AV_2,46;55,MP
600,waymo_train,waymo_300-499,37736,426;428,0,21,28,AV_2,426;428,MP
601,waymo_train,waymo_300-499,42416,607;620,0,0,10,AV_2,620;607,MP
602,waymo_train,waymo_300-499,44965,715;724,0,32,43,AV_2,715;724,MP
603,waymo_train,waymo_300-499,45843,1070;1078,0,30,51,AV_2,1078;1070,MP
604,waymo_train,waymo_300-499,47439,2;3,0,0,8,AV_2,2;3,MP
605,waymo_train,waymo_300-499,48134,1336;1356,0,4,11,AV_2,1336;1356,MP
606,waymo_train,waymo_300-499,49649,2691;2707,0,0,5,AV_2,2707;2691,MP
607,waymo_train,waymo_300-499,51089,426;428,0,41,48,AV_2,426;428,MP
608,waymo_train,waymo_300-499,51793,969;970,0,40,57,AV_2,969;970,MP
609,waymo_train,waymo_300-499,52617,1562;1564,0,0,14,AV_2,1562;1564,MP
610,waymo_train,waymo_300-499,52805,551;609,0,0,4,AV_2,551;609,MP
611,waymo_train,waymo_300-499,53455,1635;1648,0,28,32,AV_2,1635;1648,MP
612,waymo_train,waymo_300-499,55718,1888;1889,0,0,10,AV_2,1889;1888,MP
613,waymo_train,waymo_300-499,57273,1041;1042,0,9,25,AV_2,1041;1042,MP
614,waymo_train,waymo_300-499,60488,52;8,0,16,22,AV_2,8;52,MP
615,waymo_train,waymo_300-499,63485,34;7,0,6,20,AV_2,7;34,MP
616,waymo_train,waymo_300-499,65646,809;892,0,0,6,AV_2,809;892,MP
617,waymo_train,waymo_300-499,72525,1600;1619,0,0,6,AV_2,1600;1619,MP
618,waymo_train,waymo_300-499,73907,2195;2199,0,29,33,AV_2,2199;2195,MP
619,waymo_train,waymo_300-499,74334,2616;2630,0,26,31,AV_2,2616;2630,MP
620,waymo_train,waymo_300-499,78507,1262;1263,0,0,13,AV_2,1263;1262,MP
621,waymo_train,waymo_300-499,81317,702;727,0,16,21,AV_2,727;702,MP
622,waymo_train,waymo_300-499,82821,426;428,0,1,8,AV_2,426;428,MP
623,waymo_train,waymo_300-499,84523,353;382,0,47,55,AV_2,353;382,MP
624,waymo_train,waymo_300-499,88364,775;776,0,24,37,AV_2,776;775,MP
625,waymo_train,waymo_300-499,89707,720;733,0,31,36,AV_2,720;733,MP
626,waymo_train,waymo_300-499,89825,2037;2049,0,39,52,AV_2,2037;2049,MP
627,waymo_train,waymo_300-499,91402,187;201,0,21,36,AV_2,187;201,MP
628,waymo_train,waymo_300-499,93106,1473;1484,0,32,65,AV_2,1473;1484,MP
629,waymo_train,waymo_300-499,94209,1066;1070,0,3,23,AV_2,1066;1070,MP
630,waymo_train,waymo_300-499,95256,10;17;7,0,10,24,AV_2,7;17,MP
631,waymo_train,waymo_300-499,96337,197;200,0,5,22,AV_2,197;200,MP
632,waymo_train,waymo_500-799,13010,16;2;3,0,1,47,AV_2,2;16,MP
633,waymo_train,waymo_500-799,101200,1833;1844,0,0,6,AV_2,1833;1844,MP
634,waymo_train,waymo_500-799,13157,1816;1830,0,1,30,AV_2,1816;1830,MP
635,waymo_train,waymo_500-799,48427,353;382,0,27,35,AV_2,353;382,MP
636,waymo_train,waymo_500-799,54760,2813;2817,0,3,9,AV_2,2817;2813,MP
637,waymo_train,waymo_500-799,64373,46;55;62,0,26,33,AV_2,46;55,MP
638,waymo_train,waymo_500-799,83323,716;721,0,17,23,AV_2,721;716,MP
639,waymo_train,waymo_500-799,105115,877;890,0,41,57,AV_2,877;890,MP
640,waymo_train,waymo_500-799,15325,453;459,0,22,38,AV_2,459;453,MP
641,waymo_train,waymo_500-799,15617,37;54,0,27,31,AV_2,37;54,MP
642,waymo_train,waymo_500-799,18084,287;381,0,2,25,AV_2,287;381,MP
643,waymo_train,waymo_500-799,23598,1001;951,0,1,15,AV_2,951;1001,MP
644,waymo_train,waymo_500-799,25406,1732;1740,0,13,27,AV_2,1732;1740,MP
645,waymo_train,waymo_500-799,25592,1093;1118,0,12,17,AV_2,1118;1093,MP
646,waymo_train,waymo_500-799,80153,2616;2630,0,26,31,AV_2,2616;2630,MP
647,waymo_train,waymo_500-799,28915,969;970,0,20,37,AV_2,969;970,MP
648,waymo_train,waymo_500-799,29350,195;233,0,13,26,AV_2,195;233,MP
649,waymo_train,waymo_500-799,83496,1620;1622,0,16,22,AV_2,1622;1620,MP
650,waymo_train,waymo_500-799,33613,1833;1844,0,6,26,AV_2,1833;1844,MP
651,waymo_train,waymo_500-799,87164,723;748,0,13,18,AV_2,723;748,MP
652,waymo_train,waymo_500-799,87652,2000;2004,0,31,47,AV_2,2004;2000,MP
653,waymo_train,waymo_500-799,34232,329;364,0,6,38,AV_2,329;364,MP
654,waymo_train,waymo_500-799,34905,1161;1164;1166,0,25,31,AV_2,1166;1164,MP
655,waymo_train,waymo_500-799,35237,2280;2395,0,54,71,AV_2,2395;2280,MP
656,waymo_train,waymo_500-799,37627,1145;1155,0,38,48,AV_2,1145;1155,MP
657,waymo_train,waymo_500-799,37740,2181;2190,0,29,33,AV_2,2181;2190,MP
658,waymo_train,waymo_500-799,37740,2180;2181;2190,0,10,28,AV_2,2181;2190,MP
659,waymo_train,waymo_500-799,41319,775;779,0,16,37,AV_2,775;779,MP
660,waymo_train,waymo_500-799,42118,46;55;62,0,16,23,AV_2,46;55,MP
661,waymo_train,waymo_500-799,97452,2513;2514,0,0,5,AV_2,2514;2513,MP
662,waymo_train,waymo_500-799,44724,211;214,0,13,17,AV_2,211;214,MP
663,waymo_train,waymo_500-799,44895,708;712,0,40,51,AV_2,708;712,MP
664,waymo_train,waymo_500-799,98170,7;8,0,34,47,AV_2,8;7,MP
665,waymo_train,waymo_500-799,45248,392;402,0,12,17,AV_2,392;402,MP
666,waymo_train,waymo_500-799,45633,1993;1996,0,0,15,AV_2,1993;1996,MP
667,waymo_train,waymo_500-799,103108,1654;1660,0,47,61,AV_2,1660;1654,MP
668,waymo_train,waymo_500-799,48167,2508;2686,0,21,33,AV_2,2508;2686,MP
669,waymo_train,waymo_500-799,104779,607;620,0,29,40,AV_2,620;607,MP
670,waymo_train,waymo_500-799,50888,197;200,0,15,32,AV_2,197;200,MP
671,waymo_train,waymo_500-799,51525,1718;1722,0,29,45,AV_2,1718;1722,MP
672,waymo_train,waymo_500-799,5162,14;33,0,0,15,AV_2,14;33,MP
673,waymo_train,waymo_500-799,51669,407;429,0,24,33,AV_2,407;429,MP
674,waymo_train,waymo_500-799,52080,1635;1648,0,28,32,AV_2,1635;1648,MP
675,waymo_train,waymo_500-799,108386,102;116,0,3,11,AV_2,102;116,MP
676,waymo_train,waymo_500-799,108507,216;217,0,21,41,AV_2,217;216,MP
677,waymo_train,waymo_800-999,57019,869;887;903,0,21,27,AV_2,869;887,MP
678,waymo_train,waymo_800-999,62986,1197;1221,0,22,27,AV_2,1221;1197,MP
679,waymo_train,waymo_800-999,64072,2280;2395,0,54,71,AV_2,2395;2280,MP
680,waymo_train,waymo_800-999,66110,260;261,0,55,65,AV_2,261;260,MP
681,waymo_train,waymo_800-999,70093,1118;1122,0,11,19,AV_2,1122;1118,MP
682,waymo_train,waymo_800-999,7323,1493;1518,0,0,5,AV_2,1493;1518,MP
683,waymo_train,waymo_800-999,81067,1816;1830,0,31,60,AV_2,1816;1830,MP
684,waymo_train,waymo_800-999,81140,1394;1395,0,41,55,AV_2,1394;1395,MP
685,waymo_train,waymo_800-999,83422,50;58,0,2,8,AV_2,50;58,MP
686,waymo_train,waymo_800-999,84477,16;2,0,3,14,AV_2,16;2,MP
687,waymo_train,waymo_800-999,84666,37;54,0,27,31,AV_2,37;54,MP
688,waymo_train,waymo_800-999,85169,1682;1686,0,15,30,AV_2,1682;1686,MP
689,waymo_train,waymo_800-999,86865,1716;1730,0,6,26,AV_2,1730;1716,MP
690,waymo_train,waymo_800-999,88419,1816;1830,0,1,30,AV_2,1816;1830,MP
691,waymo_train,waymo_800-999,89755,1763;1774,0,34,47,AV_2,1763;1774,MP
692,waymo_train,waymo_800-999,9070,1262;1263,0,34,53,AV_2,1263;1262,MP
693,waymo_train,waymo_800-999,96286,2280;2395,0,34,51,AV_2,2395;2280,MP
694,waymo_train,waymo_800-999,96839,1;49,0,40,49,AV_2,1;49,MP
695,waymo_train,waymo_800-999,97042,2469;2470,0,24,51,AV_2,2470;2469,MP
696,waymo_train,waymo_800-999,97086,2448;2449,0,35,57,AV_2,2448;2449,MP
697,waymo_train,waymo_0-299,67796,693;701,0,37,56,AV_2,701;693,MP
698,waymo_train,waymo_0-299,22758,1447;1482;1511;1520,0,38,45,AV_2,1482;1447,MP
699,waymo_train,waymo_0-299,92882,2552;2568;2571,0,21,46,AV_2,2552;2568,MP
700,waymo_train,waymo_0-299,49360,1067;1073,0,7,19,AV_2,1073;1067,MP
701,waymo_train,waymo_300-499,1918,2348;2350,0,14,21,AV_2,2350;2348,MP
702,waymo_train,waymo_300-499,12119,577;598,0,12,22,AV_2,577;598,MP
703,waymo_train,waymo_500-799,20002,811;832,0,17,29,AV_2,811;832,MP
704,waymo_train,waymo_800-999,88316,1666;1696,0,56,62,AV_2,1666;1696,MP
705,waymo_train,waymo_800-999,88449,138;144,0,22,29,AV_2,138;144,MP
